Wafer#1 11.3mils thick EE535,
Wavelength (nm),R
2500,52.4943428
2499,52.44068909
2498,52.41814804
2497,52.41819763
2496,52.44981766
2495,52.40454865
2494,52.46375656
2493,52.42969513
2492,52.47175217
2491,52.44670105
2490,52.41598511
2489,52.44409561
2488,52.46186829
2487,52.4424057
2486,52.46042633
2485,52.44509125
2484,52.43787003
2483,52.48188782
2482,52.44254303
2481,52.46401978
2480,52.48403549
2479,52.44724274
2478,52.47403336
2477,52.48843384
2476,52.40724182
2475,52.46928406
2474,52.41773605
2473,52.45742798
2472,52.43391418
2471,52.44911194
2470,52.43597031
2469,52.45056152
2468,52.45768356
2467,52.43052292
2466,52.42186356
2465,52.42962646
2464,52.42827988
2463,52.43852234
2462,52.4307251
2461,52.43244934
2460,52.4646759
2459,52.4615097
2458,52.49717331
2457,52.47364807
2456,52.44462967
2455,52.49006653
2454,52.43812943
2453,52.4221077
2452,52.48957443
2451,52.45666504
2450,52.49875259
2449,52.47056961
2448,52.43764496
2447,52.45082855
2446,52.4376564
2445,52.50556564
2444,52.41347504
2443,52.44075012
2442,52.44174194
2441,52.48244476
2440,52.44007111
2439,52.46017075
2438,52.48190689
2437,52.4450531
2436,52.4010849
2435,52.43536758
2434,52.44493484
2433,52.44456482
2432,52.46955109
2431,52.45449448
2430,52.47148895
2429,52.50292587
2428,52.47880173
2427,52.46940231
2426,52.44949341
2425,52.4222374
2424,52.43748856
2423,52.42459106
2422,52.48950195
2421,52.47632217
2420,52.50019836
2419,52.39334106
2418,52.45727158
2417,52.41915512
2416,52.42886353
2415,52.48234177
2414,52.46681976
2413,52.54473114
2412,52.46517181
2411,52.48839188
2410,52.52073288
2409,52.42697144
2408,52.45446014
2407,52.46191788
2406,52.53766632
2405,52.46234131
2404,52.43958282
2403,52.47711563
2402,52.46198654
2401,52.50108337
2400,52.4678154
2399,52.50284195
2398,52.46707916
2397,52.45009613
2396,52.47529602
2395,52.43294907
2394,52.42961502
2393,52.46929932
2392,52.47277069
2391,52.46945572
2390,52.47976303
2389,52.49692154
2388,52.47991562
2387,52.43850327
2386,52.49320984
2385,52.44630051
2384,52.4632225
2383,52.49477005
2382,52.46231461
2381,52.46994019
2380,52.49869919
2379,52.47676468
2378,52.47567749
2377,52.47565079
2376,52.43996429
2375,52.48053741
2374,52.5059166
2373,52.48739243
2372,52.47088242
2371,52.43992233
2370,52.47079849
2369,52.50579071
2368,52.50320435
2367,52.4742775
2366,52.48077393
2365,52.47502899
2364,52.50510025
2363,52.52047348
2362,52.54727173
2361,52.5670929
2360,52.5412674
2359,52.53532028
2358,52.49971008
2357,52.473526
2356,52.43050385
2355,52.51643753
2354,52.5398674
2353,52.49622345
2352,52.50949097
2351,52.50263977
2350,52.52715302
2349,52.52391052
2348,52.50810242
2347,52.51151276
2346,52.50857544
2345,52.52659988
2344,52.46969986
2343,52.522995
2342,52.49209595
2341,52.52519226
2340,52.54308701
2339,52.55103302
2338,52.53549957
2337,52.53622055
2336,52.5255394
2335,52.52295303
2334,52.55032349
2333,52.50069046
2332,52.55983353
2331,52.61590576
2330,52.55464935
2329,52.57526779
2328,52.56305313
2327,52.52382278
2326,52.52906036
2325,52.57834244
2324,52.55316925
2323,52.55067825
2322,52.61965561
2321,52.5681839
2320,52.55556107
2319,52.56455612
2318,52.59503555
2317,52.59260559
2316,52.61059952
2315,52.58830261
2314,52.61183929
2313,52.60656357
2312,52.63968658
2311,52.60249329
2310,52.63438416
2309,52.63619995
2308,52.59980392
2307,52.59592056
2306,52.59380341
2305,52.63166428
2304,52.60716248
2303,52.63934708
2302,52.62852859
2301,52.6323204
2300,52.62955475
2299,52.59521484
2298,52.68785858
2297,52.67781448
2296,52.73952484
2295,52.65967941
2294,52.67652893
2293,52.67471695
2292,52.68978882
2291,52.69778442
2290,52.71055222
2289,52.7187233
2288,52.68202591
2287,52.68703079
2286,52.73571777
2285,52.74824524
2284,52.68202591
2283,52.6799202
2282,52.71291733
2281,52.73122787
2280,52.72977829
2279,52.74581909
2278,52.75905609
2277,52.78815079
2276,52.7676506
2275,52.75669098
2274,52.82387543
2273,52.77481842
2272,52.8287468
2271,52.81616974
2270,52.7536087
2269,52.77553177
2268,52.82473755
2267,52.77590179
2266,52.76539993
2265,52.83132172
2264,52.83105469
2263,52.76039124
2262,52.7156601
2261,52.82165527
2260,52.7530899
2259,52.758461
2258,52.80045319
2257,52.73398209
2256,52.74655914
2255,52.76839066
2254,52.74466705
2253,52.78231049
2252,52.800457
2251,52.69709396
2250,52.75370026
2249,52.77051926
2248,52.74520493
2247,52.68956375
2246,52.67987061
2245,52.74665833
2244,52.77514648
2243,52.73019028
2242,52.7485199
2241,52.75958252
2240,52.74881744
2239,52.73966217
2238,52.74795151
2237,52.78722763
2236,52.74369049
2235,52.74310684
2234,52.68768692
2233,52.74473572
2232,52.71549988
2231,52.73646164
2230,52.73592377
2229,52.72833252
2228,52.75071335
2227,52.76272964
2226,52.73605728
2225,52.72290802
2224,52.68405151
2223,52.72676468
2222,52.73765182
2221,52.75040436
2220,52.70780945
2219,52.66931534
2218,52.71549225
2217,52.72621536
2216,52.72719193
2215,52.77295685
2214,52.71376419
2213,52.75494003
2212,52.82427597
2211,52.768116
2210,52.77651978
2209,52.75630951
2208,52.70870209
2207,52.72666931
2206,52.7188797
2205,52.72823715
2204,52.72433853
2203,52.7033577
2202,52.73422623
2201,52.77521515
2200,52.69898605
2199,52.7612381
2198,52.73100662
2197,52.69709396
2196,52.75146484
2195,52.73323822
2194,52.73345184
2193,52.70051956
2192,52.79134369
2191,52.72001648
2190,52.75204849
2189,52.77723694
2188,52.76653671
2187,52.72715759
2186,52.77268219
2185,52.74072266
2184,52.78449249
2183,52.79463959
2182,52.76538849
2181,52.76976395
2180,52.82635117
2179,52.78198624
2178,52.77711868
2177,52.81858444
2176,52.80101395
2175,52.83742523
2174,52.83228683
2173,52.85790634
2172,52.8006134
2171,52.80028152
2170,52.76608276
2169,52.7884407
2168,52.87220001
2167,52.82490921
2166,52.83400345
2165,52.83201218
2164,52.79788208
2163,52.81876373
2162,52.80288315
2161,52.86638641
2160,52.78660583
2159,52.8255043
2158,52.7977066
2157,52.76854706
2156,52.85491943
2155,52.81087112
2154,52.7926445
2153,52.83923721
2152,52.80765152
2151,52.83491516
2150,52.85286713
2149,52.86645889
2148,52.85633087
2147,52.80682373
2146,52.84568024
2145,52.82034302
2144,52.89167023
2143,52.8041954
2142,52.86425781
2141,52.85089493
2140,52.84094238
2139,52.86381149
2138,52.82281113
2137,52.84231949
2136,52.83612061
2135,52.88513184
2134,52.84936905
2133,52.89402008
2132,52.84027481
2131,52.82904434
2130,52.85554504
2129,52.85910416
2128,52.84656143
2127,52.87762451
2126,52.85803604
2125,52.86856461
2124,52.90993881
2123,52.86540985
2122,52.88378525
2121,52.85026932
2120,52.84633636
2119,52.82013321
2118,52.92227173
2117,52.8186264
2116,52.86483765
2115,52.8715744
2114,52.87578583
2113,52.88342285
2112,52.92700577
2111,52.90793228
2110,52.88703918
2109,52.8764801
2108,52.87446976
2107,52.83376694
2106,52.896698
2105,52.89223862
2104,52.89997482
2103,52.83948135
2102,52.8763237
2101,52.88830948
2100,52.9380188
2099,52.89739227
2098,52.906353
2097,52.97405243
2096,52.92515182
2095,52.90217972
2094,52.87667465
2093,52.87722397
2092,52.89099121
2091,52.88578415
2090,52.89208221
2089,52.9224472
2088,52.96006775
2087,52.91566849
2086,52.93255997
2085,52.8499794
2084,52.91952515
2083,52.96749878
2082,52.90876007
2081,52.91497803
2080,52.93410873
2079,52.9071579
2078,52.93003464
2077,52.87848282
2076,52.93440247
2075,52.89061737
2074,52.95363617
2073,52.89351273
2072,52.91669464
2071,52.91943359
2070,52.91226578
2069,52.95121002
2068,52.93502808
2067,52.92954254
2066,52.93909454
2065,52.98554993
2064,52.94826126
2063,52.94437408
2062,52.90969086
2061,52.94234085
2060,52.94248962
2059,52.91410065
2058,52.93833542
2057,52.91381454
2056,52.94594193
2055,52.94004059
2054,52.98802185
2053,52.95106888
2052,52.96363068
2051,52.92210388
2050,52.94983292
2049,52.99312592
2048,52.92919922
2047,52.94485855
2046,52.96525192
2045,52.94100571
2044,52.96913528
2043,52.91910172
2042,52.99323654
2041,52.95010757
2040,52.97685242
2039,52.94504929
2038,52.96104431
2037,52.95041656
2036,52.98496628
2035,52.9712677
2034,53.00436783
2033,52.97365952
2032,52.99330521
2031,52.92418671
2030,52.95735168
2029,52.93959808
2028,52.98175812
2027,52.95540619
2026,52.95890427
2025,53.01694107
2024,52.98849869
2023,52.96830368
2022,52.99590683
2021,52.98522186
2020,52.96485901
2019,52.99544907
2018,53.00756073
2017,52.98144913
2016,52.97154236
2015,53.01579285
2014,52.9945488
2013,53.03052521
2012,52.97921371
2011,53.02397537
2010,52.96708298
2009,52.97595978
2008,53.00756836
2007,53.01793671
2006,53.03328705
2005,52.97597122
2004,52.98094177
2003,52.97898102
2002,53.03741074
2001,53.04427338
2000,52.99906921
1999,53.08452225
1998,53.0499115
1997,53.10966873
1996,53.09030914
1995,53.11743164
1994,53.06598663
1993,53.11029053
1992,53.04071426
1991,53.09806061
1990,53.06694412
1989,53.08940506
1988,53.11245346
1987,53.08368301
1986,53.09671783
1985,53.0935936
1984,53.06757736
1983,53.07543182
1982,53.0974884
1981,53.05359268
1980,53.1042099
1979,53.09207916
1978,53.10309601
1977,53.05654907
1976,53.07719803
1975,53.01172256
1974,53.0942688
1973,53.07368088
1972,53.09964371
1971,53.08222961
1970,53.08014297
1969,53.13447571
1968,53.02672958
1967,53.02641296
1966,53.03359604
1965,53.04772186
1964,53.03121948
1963,53.09469223
1962,53.03344727
1961,53.07913589
1960,53.07634354
1959,53.00837708
1958,52.9905014
1957,53.01845169
1956,53.00698853
1955,52.99109268
1954,53.01805878
1953,53.00608444
1952,52.97473145
1951,52.99665833
1950,52.96611023
1949,52.95029449
1948,52.94797897
1947,52.93680954
1946,52.90016556
1945,52.95295715
1944,52.90656662
1943,52.93164825
1942,52.87246704
1941,52.84881592
1940,52.83394623
1939,52.83184052
1938,52.82798386
1937,52.80901337
1936,52.77782822
1935,52.7902832
1934,52.75180435
1933,52.72005081
1932,52.73455811
1931,52.71295166
1930,52.69684601
1929,52.68334579
1928,52.63823318
1927,52.67770386
1926,52.68566513
1925,52.58034515
1924,52.60573578
1923,52.61568451
1922,52.61871338
1921,52.56861877
1920,52.56431198
1919,52.53325653
1918,52.5872345
1917,52.50724411
1916,52.52327728
1915,52.49011612
1914,52.50125504
1913,52.48906708
1912,52.45436859
1911,52.47802734
1910,52.4302063
1909,52.39559937
1908,52.42873383
1907,52.37102509
1906,52.37708664
1905,52.34732819
1904,52.33786011
1903,52.31978989
1902,52.34095383
1901,52.2645607
1900,52.31237411
1899,52.31626129
1898,52.29676819
1897,52.29851151
1896,52.25811768
1895,52.23278809
1894,52.20595551
1893,52.20035172
1892,52.21589279
1891,52.14949417
1890,52.16726685
1889,52.14385986
1888,52.10758972
1887,52.10416412
1886,52.03681564
1885,52.05380249
1884,52.01961517
1883,52.01960754
1882,51.99866867
1881,51.93297958
1880,51.89764023
1879,51.92011642
1878,51.88182449
1877,51.8223877
1876,51.83467102
1875,51.76082993
1874,51.77616501
1873,51.70691681
1872,51.74065781
1871,51.71885681
1870,51.65719986
1869,51.6696701
1868,51.66422272
1867,51.60842514
1866,51.53647232
1865,51.45298767
1864,51.43881989
1863,51.49216461
1862,51.40084457
1861,51.35125351
1860,51.32643127
1859,51.28170776
1858,51.22956085
1857,51.26177597
1856,51.22983551
1855,51.16040802
1854,51.12685394
1853,51.12814331
1852,51.08853531
1851,51.0083313
1850,50.98068619
1849,50.95102692
1848,50.88738251
1847,50.87106705
1846,50.81981277
1845,50.75563812
1844,50.71007156
1843,50.71728897
1842,50.65788651
1841,50.61626434
1840,50.55405045
1839,50.4247551
1838,50.43746185
1837,50.34143448
1836,50.35572052
1835,50.24377823
1834,50.17032623
1833,50.13601685
1832,50.10419464
1831,50.08013153
1830,50.03039932
1829,49.95157242
1828,49.92284012
1827,49.84522629
1826,49.76218033
1825,49.80207825
1824,49.70844269
1823,49.62877655
1822,49.54339981
1821,49.50576019
1820,49.45419312
1819,49.35187531
1818,49.31451797
1817,49.20330429
1816,49.14674377
1815,49.08142853
1814,49.05141449
1813,48.9672966
1812,48.94368744
1811,48.87042618
1810,48.7891922
1809,48.70735931
1808,48.68228149
1807,48.58454132
1806,48.52495956
1805,48.40415955
1804,48.37716675
1803,48.29447937
1802,48.23735046
1801,48.10799789
1800,47.97250748
1799,47.93118286
1798,47.87501526
1797,47.7479248
1796,47.70077515
1795,47.51608276
1794,47.37952805
1793,47.31816483
1792,47.26117706
1791,47.06406784
1790,46.94900131
1789,46.88359451
1788,46.77335358
1787,46.66856766
1786,46.527668
1785,46.47724915
1784,46.34240723
1783,46.18227005
1782,46.10273361
1781,45.99730301
1780,45.90007782
1779,45.79822922
1778,45.67681503
1777,45.62191391
1776,45.48973465
1775,45.40336609
1774,45.3044014
1773,45.22492981
1772,45.14597321
1771,45.06486511
1770,45.00613403
1769,44.86821747
1768,44.79232788
1767,44.68290329
1766,44.60382843
1765,44.51676559
1764,44.401474
1763,44.30273056
1762,44.19764328
1761,44.11764526
1760,44.03541565
1759,43.98308182
1758,43.91293335
1757,43.81552505
1756,43.64971924
1755,43.63975906
1754,43.51716232
1753,43.47882462
1752,43.39941406
1751,43.28696823
1750,43.20359421
1749,43.15674591
1748,43.03651047
1747,42.97343063
1746,42.85773087
1745,42.8646965
1744,42.7655983
1743,42.5902977
1742,42.58235931
1741,42.51324081
1740,42.40824127
1739,42.34635925
1738,42.28660583
1737,42.21882629
1736,42.10741043
1735,42.0905838
1734,42.03078461
1733,41.91865921
1732,41.84737778
1731,41.80628586
1730,41.70629883
1729,41.6676178
1728,41.59034348
1727,41.51543808
1726,41.44569778
1725,41.36465073
1724,41.31121826
1723,41.23915863
1722,41.17864609
1721,41.13157654
1720,41.03305817
1719,40.96658707
1718,40.91173935
1717,40.8652153
1716,40.80321503
1715,40.71710205
1714,40.64739227
1713,40.59488678
1712,40.55215836
1711,40.43463516
1710,40.39730835
1709,40.34630585
1708,40.32984543
1707,40.27139282
1706,40.19957352
1705,40.12268066
1704,40.03037643
1703,40.01386642
1702,39.96880722
1701,39.90059662
1700,39.85627747
1699,39.78726959
1698,39.76895523
1697,39.73354721
1696,39.64929199
1695,39.61999512
1694,39.56133652
1693,39.46957779
1692,39.4549675
1691,39.38385773
1690,39.36315536
1689,39.26751328
1688,39.25764084
1687,39.19764709
1686,39.17757416
1685,39.14937592
1684,39.05727005
1683,39.04706955
1682,39.00271606
1681,38.97200394
1680,38.84620285
1679,38.85275269
1678,38.7518425
1677,38.78794861
1676,38.75633621
1675,38.68008423
1674,38.65968704
1673,38.6296463
1672,38.57290268
1671,38.56254959
1670,38.52395248
1669,38.4949379
1668,38.38726807
1667,38.40408325
1666,38.3572998
1665,38.3137207
1664,38.30020905
1663,38.27462769
1662,38.24045563
1661,38.14842224
1660,38.11862564
1659,38.1493187
1658,38.1290741
1657,38.05595398
1656,38.01520157
1655,38.03621674
1654,38.01208496
1653,37.95355606
1652,37.95051575
1651,37.89369965
1650,37.89849854
1649,37.86834335
1648,37.82823944
1647,37.75635529
1646,37.76831436
1645,37.79694366
1644,37.7362175
1643,37.70222473
1642,37.72298431
1641,37.67495728
1640,37.6456871
1639,37.65330505
1638,37.65082169
1637,37.54845428
1636,37.57571411
1635,37.57845688
1634,37.50432205
1633,37.5548172
1632,37.51776505
1631,37.51404572
1630,37.47161102
1629,37.44296265
1628,37.43289948
1627,37.44379425
1626,37.35708237
1625,37.40515518
1624,37.39144897
1623,37.38622284
1622,37.36645508
1621,37.38916397
1620,37.38169479
1619,37.29232407
1618,37.35967255
1617,37.31740952
1616,37.32161713
1615,37.30994415
1614,37.30506134
1613,37.24428558
1612,37.29026031
1611,37.28746033
1610,37.24282074
1609,37.27279282
1608,37.29206467
1607,37.26970291
1606,37.26603317
1605,37.24514389
1604,37.24134445
1603,37.29024506
1602,37.24834824
1601,37.23854828
1600,37.24201202
1599,37.17782593
1598,37.24336624
1597,37.20308685
1596,37.25851059
1595,37.20449066
1594,37.26906586
1593,37.22080994
1592,37.25208664
1591,37.18259811
1590,37.24702835
1589,37.24836731
1588,37.2626915
1587,37.25500488
1586,37.27465057
1585,37.23427582
1584,37.24319458
1583,37.27569199
1582,37.25094223
1581,37.27181244
1580,37.2785759
1579,37.25896454
1578,37.2908287
1577,37.26765442
1576,37.35383224
1575,37.34908676
1574,37.30696869
1573,37.2783432
1572,37.28933334
1571,37.33319855
1570,37.3666687
1569,37.3402977
1568,37.39053345
1567,37.32382202
1566,37.34052277
1565,37.33673859
1564,37.39549637
1563,37.37261963
1562,37.39240646
1561,37.4213829
1560,37.42397308
1559,37.46989822
1558,37.4598999
1557,37.46865845
1556,37.41937637
1555,37.50092316
1554,37.46575546
1553,37.50593185
1552,37.52070618
1551,37.50225067
1550,37.50139999
1549,37.52244568
1548,37.54304504
1547,37.50595093
1546,37.56103134
1545,37.53928375
1544,37.55695343
1543,37.50920486
1542,37.53567123
1541,37.47496796
1540,37.46996689
1539,37.51357269
1538,37.48415375
1537,37.51569748
1536,37.51031113
1535,37.52505112
1534,37.49198151
1533,37.4950676
1532,37.46336746
1531,37.46037292
1530,37.46995163
1529,37.49111938
1528,37.48628235
1527,37.46734619
1526,37.47933197
1525,37.48168182
1524,37.51678848
1523,37.50448227
1522,37.45080948
1521,37.44399261
1520,37.48835754
1519,37.45875168
1518,37.49528885
1517,37.46004868
1516,37.48371124
1515,37.47392273
1514,37.503479
1513,37.42615128
1512,37.44543839
1511,37.48197556
1510,37.44897461
1509,37.43166733
1508,37.4847908
1507,37.50037766
1506,37.46720505
1505,37.43287659
1504,37.43929672
1503,37.45685577
1502,37.45781708
1501,37.43777084
1500,37.47299194
1499,37.46367645
1498,37.44974899
1497,37.50178146
1496,37.48561096
1495,37.43469238
1494,37.47326279
1493,37.47536087
1492,37.51991272
1491,37.47580719
1490,37.48502731
1489,37.43787766
1488,37.42860031
1487,37.46751785
1486,37.45232391
1485,37.5283165
1484,37.5232048
1483,37.47654343
1482,37.47784805
1481,37.50610733
1480,37.49132538
1479,37.49407578
1478,37.49865341
1477,37.49471664
1476,37.49466324
1475,37.47617722
1474,37.48177338
1473,37.45434189
1472,37.49389648
1471,37.49325562
1470,37.45701599
1469,37.50389099
1468,37.51137543
1467,37.47124863
1466,37.48746109
1465,37.47480392
1464,37.50104141
1463,37.43651199
1462,37.49172592
1461,37.50733566
1460,37.50904465
1459,37.47690964
1458,37.48949432
1457,37.4927063
1456,37.50969696
1455,37.51540375
1454,37.52729797
1453,37.50318146
1452,37.45543671
1451,37.51055145
1450,37.49511719
1449,37.50551224
1448,37.52623749
1447,37.51108932
1446,37.524189
1445,37.47537231
1444,37.48802948
1443,37.51782608
1442,37.54751587
1441,37.51174545
1440,37.50946808
1439,37.51883698
1438,37.5336113
1437,37.55392838
1436,37.50385666
1435,37.5165596
1434,37.52738571
1433,37.52525711
1432,37.50051498
1431,37.53261185
1430,37.54215622
1429,37.53904343
1428,37.52315521
1427,37.56031799
1426,37.53770828
1425,37.53359604
1424,37.51841354
1423,37.50529099
1422,37.53286362
1421,37.51841354
1420,37.56663132
1419,37.56407928
1418,37.51810837
1417,37.51202393
1416,37.56914902
1415,37.53820419
1414,37.56507492
1413,37.55478668
1412,37.57547379
1411,37.54708862
1410,37.56546783
1409,37.58293533
1408,37.55444336
1407,37.60606766
1406,37.5578804
1405,37.59194946
1404,37.60519028
1403,37.6026268
1402,37.55084991
1401,37.64187241
1400,37.61696625
1399,37.59186172
1398,37.60139847
1397,37.62672806
1396,37.62262344
1395,37.631073
1394,37.58724213
1393,37.58314133
1392,37.59363174
1391,37.67815781
1390,37.62267685
1389,37.60817337
1388,37.60195541
1387,37.66170883
1386,37.67267609
1385,37.61976242
1384,37.61852264
1383,37.6745224
1382,37.66304779
1381,37.67847443
1380,37.66763687
1379,37.65268326
1378,37.66773605
1377,37.63685608
1376,37.65958023
1375,37.69046783
1374,37.72403336
1373,37.68305588
1372,37.69577408
1371,37.70489502
1370,37.68307114
1369,37.71006012
1368,37.69921112
1367,37.74028397
1366,37.68849182
1365,37.72415543
1364,37.6861496
1363,37.71282578
1362,37.70147705
1361,37.67076492
1360,37.70026016
1359,37.74900436
1358,37.68950272
1357,37.72166443
1356,37.71789551
1355,37.7317543
1354,37.71925354
1353,37.69548416
1352,37.73888397
1351,37.68922806
1350,37.73158646
1349,37.69932175
1348,37.74272156
1347,37.71177673
1346,37.7673645
1345,37.73857498
1344,37.73390961
1343,37.74296188
1342,37.75563049
1341,37.78848648
1340,37.71302032
1339,37.71819687
1338,37.73919678
1337,37.76128387
1336,37.7469902
1335,37.79308319
1334,37.75647354
1333,37.76533127
1332,37.79230499
1331,37.77968216
1330,37.81111145
1329,37.80341721
1328,37.78206635
1327,37.79009247
1326,37.81223297
1325,37.7875061
1324,37.80625534
1323,37.74709702
1322,37.77539444
1321,37.75841904
1320,37.80537796
1319,37.85654831
1318,37.82567596
1317,37.78775406
1316,37.83099747
1315,37.81077194
1314,37.80177307
1313,37.83676147
1312,37.78427124
1311,37.78793716
1310,37.81873322
1309,37.87599182
1308,37.81652069
1307,37.80215836
1306,37.83766937
1305,37.87723541
1304,37.85894394
1303,37.85402298
1302,37.8795433
1301,37.85136032
1300,37.90108109
1299,37.8746376
1298,37.85570145
1297,37.83369827
1296,37.861866
1295,37.88240433
1294,37.86624527
1293,37.89094162
1292,37.94347763
1291,37.8792572
1290,37.89396286
1289,37.9082489
1288,37.90262604
1287,37.9015007
1286,37.93621063
1285,37.89854813
1284,37.89499664
1283,37.98506165
1282,37.89557648
1281,37.89845657
1280,37.8637619
1279,37.85830307
1278,37.90154648
1277,37.92975998
1276,37.92892075
1275,37.91547394
1274,37.90474701
1273,37.94677734
1272,37.94893646
1271,37.94225693
1270,37.93803406
1269,37.93959808
1268,37.95767212
1267,37.95391846
1266,37.97570801
1265,37.94546509
1264,37.97560501
1263,37.94693375
1262,37.94543457
1261,37.93964767
1260,37.97935104
1259,37.94813156
1258,37.96196365
1257,37.97794724
1256,37.97880554
1255,37.96895599
1254,37.99264526
1253,37.96751404
1252,37.99012375
1251,37.98725128
1250,37.9853363
1249,37.99899673
1248,38.02374649
1247,38.00018311
1246,38.02328491
1245,38.01773453
1244,37.99154663
1243,38.06415558
1242,38.0764122
1241,38.03741455
1240,38.07188416
1239,38.04772568
1238,38.05905914
1237,38.03710938
1236,38.01539612
1235,37.99925613
1234,38.04495239
1233,38.02954865
1232,38.03594589
1231,38.08226395
1230,38.0925293
1229,38.0500679
1228,38.09768677
1227,38.06066513
1226,38.09653854
1225,38.0538559
1224,38.08181381
1223,38.06892776
1222,38.09290314
1221,38.11590195
1220,38.0636673
1219,38.16020584
1218,38.12165833
1217,38.11066055
1216,38.11257935
1215,38.11696243
1214,38.15208435
1213,38.13377762
1212,38.10197067
1211,38.15049362
1210,38.15849686
1209,38.14696884
1208,38.13941956
1207,38.13618088
1206,38.15621567
1205,38.15504837
1204,38.16766357
1203,38.16212845
1202,38.19713974
1201,38.13816071
1200,38.16675568
1199,38.07819748
1198,38.1571846
1197,38.12235641
1196,38.11236572
1195,38.20116043
1194,38.12689972
1193,38.12448502
1192,38.14987183
1191,38.13512039
1190,38.17502213
1189,38.17398834
1188,38.17588806
1187,38.22116089
1186,38.1946907
1185,38.20760727
1184,38.24971008
1183,38.22706985
1182,38.22274017
1181,38.18119049
1180,38.23632431
1179,38.23930359
1178,38.20608139
1177,38.25007629
1176,38.2081871
1175,38.18343353
1174,38.20734406
1173,38.24930573
1172,38.24179077
1171,38.2431488
1170,38.29810715
1169,38.29200745
1168,38.26356506
1167,38.28681564
1166,38.27233887
1165,38.23799133
1164,38.28176117
1163,38.28572083
1162,38.29098511
1161,38.3286972
1160,38.30456543
1159,38.2783165
1158,38.25864792
1157,38.27046967
1156,38.34018707
1155,38.32600403
1154,38.32594299
1153,38.3707695
1152,38.33434677
1151,38.33032227
1150,38.35932541
1149,38.41357803
1148,38.32809448
1147,38.32325745
1146,38.31770706
1145,38.4047699
1144,38.39967728
1143,38.40767288
1142,38.36883163
1141,38.38136292
1140,38.40463257
1139,38.39086533
1138,38.41234589
1137,38.39621353
1136,38.3902626
1135,38.40112305
1134,38.46615219
1133,38.40103912
1132,38.43738556
1131,38.43003464
1130,38.40172577
1129,38.4022522
1128,38.41778183
1127,38.42073822
1126,38.47145081
1125,38.42638397
1124,38.40940857
1123,38.43978119
1122,38.4330368
1121,38.43911743
1120,38.47535706
1119,38.41880798
1118,38.38108063
1117,38.49317551
1116,38.45335388
1115,38.4545517
1114,38.51758957
1113,38.4854393
1112,38.50031662
1111,38.48581696
1110,38.48979568
1109,38.41428757
1108,38.50829315
1107,38.53237152
1106,38.48884583
1105,38.493927
1104,38.48607635
1103,38.51079941
1102,38.52180099
1101,38.52824402
1100,38.55215836
1099,38.54790878
1098,38.50708008
1097,38.52848053
1096,38.54917145
1095,38.56124496
1094,38.54363251
1093,38.54342651
1092,38.50735855
1091,38.56121445
1090,38.56528473
1089,38.54743195
1088,38.55343628
1087,38.58627319
1086,38.57590103
1085,38.59977341
1084,38.58219147
1083,38.57832336
1082,38.58416748
1081,38.63653183
1080,38.61532974
1079,38.63515091
1078,38.60247803
1077,38.58347702
1076,38.67654419
1075,38.6827507
1074,38.64004517
1073,38.62176132
1072,38.66389847
1071,38.69006348
1070,38.69736481
1069,38.69854736
1068,38.67943954
1067,38.72076797
1066,38.67531204
1065,38.73455429
1064,38.7296524
1063,38.76200485
1062,38.73590851
1061,38.74579239
1060,38.72008133
1059,38.78421021
1058,38.77342224
1057,38.78179169
1056,38.7338829
1055,38.75485611
1054,38.74113083
1053,38.78228378
1052,38.76123428
1051,38.79341888
1050,38.8076973
1049,38.78376389
1048,38.83537674
1047,38.8391571
1046,38.83158112
1045,38.85520554
1044,38.86167145
1043,38.87791824
1042,38.87364578
1041,38.87709427
1040,38.85844803
1039,38.81277084
1038,38.86962128
1037,38.90791702
1036,38.92788696
1035,38.85980988
1034,38.91879272
1033,38.89265823
1032,38.88896179
1031,38.90174484
1030,38.9176178
1029,38.94916534
1028,38.8889389
1027,38.96652603
1026,38.93053436
1025,38.97691345
1024,38.95259476
1023,38.9671402
1022,38.9584198
1021,39.01261139
1020,39.01313019
1019,39.00418472
1018,39.03038025
1017,39.05047989
1016,39.03897858
1015,39.02396393
1014,39.07009506
1013,39.03458023
1012,39.0218544
1011,39.01133347
1010,39.07385635
1009,39.02854156
1008,39.09561157
1007,39.07950211
1006,39.0969429
1005,39.09849167
1004,39.07852554
1003,39.12202454
1002,39.11151123
1001,39.11498642
1000,39.12707138
999,39.19807053
998,39.14324951
997,39.17228699
996,39.17742157
995,39.16717148
994,39.14144516
993,39.20225143
992,39.21866608
991,39.20986176
990,39.21541977
989,39.22766876
988,39.23622894
987,39.17060089
986,39.19689178
985,39.26871872
984,39.2322998
983,39.24111557
982,39.24467087
981,39.29074097
980,39.29550171
979,39.25540924
978,39.25422287
977,39.24799347
976,39.29718781
975,39.29676819
974,39.31797791
973,39.28310776
972,39.28171158
971,39.30469894
970,39.2971077
969,39.29290771
968,39.28923798
967,39.29906845
966,39.31227112
965,39.359375
964,39.32081223
963,39.29214096
962,39.33317566
961,39.37878418
960,39.35298157
959,39.31541061
958,39.35617447
957,39.38365173
956,39.3734436
955,39.37520218
954,39.37229156
953,39.37849045
952,39.36727905
951,39.40796661
950,39.41542053
949,39.44295502
948,39.41872406
947,39.48675156
946,39.40014648
945,39.47457123
944,39.42224121
943,39.42562866
942,39.43969727
941,39.46143723
940,39.4534874
939,39.49977875
938,39.46163177
937,39.44773865
936,39.48654938
935,39.49826813
934,39.49265289
933,39.52396011
932,39.49493027
931,39.52021027
930,39.52830887
929,39.54208755
928,39.57249832
927,39.5567894
926,39.60210037
925,39.57209778
924,39.57958984
923,39.57702637
922,39.5800209
921,39.59651947
920,39.61096573
919,39.594944
918,39.62324142
917,39.61420441
916,39.63522339
915,39.68125153
914,39.65141296
913,39.69589615
912,39.70357895
911,39.68945313
910,39.74517822
909,39.71544647
908,39.75333786
907,39.78482819
906,39.78230286
905,39.80230331
904,39.79695129
903,39.81423569
902,39.8445282
901,39.8110199
900,39.85440063
899,39.87274933
898,39.83979034
897,39.89139938
896,39.89585876
895,39.93138123
894,39.93390656
893,39.94892502
892,39.96929932
891,39.97493744
890,39.9783287
889,39.99346924
888,40.03993225
887,40.06368256
886,40.08863831
885,40.04499435
884,40.06839371
883,40.11735153
882,40.14464569
881,40.13699722
880,40.13082123
879,40.16353989
878,40.15242767
877,40.19262314
876,40.21543884
875,40.23815155
874,40.2310524
873,40.27740479
872,40.33304596
871,40.30271149
870,40.30643845
869,40.32943726
868,40.34284973
867,40.3771286
866,40.34575653
865,40.38988495
864,40.35071182
863,40.37502289
862,40.34422684
861,40.41637421
860,40.39511871
859,40.43038559
858,40.41202545
857,40.40586853
856,40.41510391
855,40.42356873
854,40.39154816
853,40.46543121
852,40.48323059
851,40.50504684
850,40.49307251
849,40.44179153
848,40.53853607
847,40.6094017
846,40.70249557
845,40.64293671
844,40.73144913
843,40.72280121
842,40.77919006
841,40.80738068
840,40.82202148
839,40.81090927
838,40.88590622
837,40.91602707
836,40.91894531
835,40.93164063
834,40.94026947
833,40.93899155
832,40.98943329
831,40.9983139
830,41.0958252
829,41.06364441
828,41.05548096
827,41.07528687
826,41.14808273
825,41.14588547
824,41.20378494
823,41.1853447
822,41.24607086
821,41.23777771
820,41.22123718
819,41.29894638
818,41.28455353
817,41.33012772
816,41.36211014
815,41.29816055
814,41.39809418
813,41.40679169
812,41.41807938
811,41.41981125
810,41.47170258
809,41.46107483
808,41.50213242
807,41.52968216
806,41.54283905
805,41.57302475
804,41.5759964
803,41.66028976
802,41.62287903
801,41.66930008
800,41.71707916
