WAVELENGTH (nm),AM 1.5 G,Energy(eV),Photon Flux (Photons*cm^-2*Sec^-1),,,
280,4.73E-23,4.428571429,6.68E-09,,,
280.5,1.23E-21,4.420677362,1.74E-07,,,
281,5.69E-21,4.412811388,8.06E-07,,,
281.5,1.57E-19,4.404973357,2.23E-05,,,
282,1.19E-18,4.397163121,1.69E-04,,,
282.5,4.54E-18,4.389380531,6.46E-04,,,
283,1.85E-17,4.381625442,2.64E-03,,,
283.5,3.54E-17,4.373897707,5.06E-03,,,
284,7.27E-16,4.366197183,1.04E-01,,,
284.5,2.49E-15,4.358523726,3.57E-01,,,
285,8.01E-15,4.350877193,1.15E+00,,,
285.5,4.26E-14,4.343257443,6.13E+00,,,
286,1.37E-13,4.335664336,1.97E+01,,,
286.5,8.38E-13,4.328097731,1.21E+02,,,
287,2.74E-12,4.320557491,3.96E+02,,,
287.5,1.09E-11,4.313043478,1.58E+03,,,
288,6.23E-11,4.305555556,9.04E+03,,,
288.5,1.72E-10,4.298093588,2.50E+04,,,
289,5.63E-10,4.290657439,8.20E+04,,,
289.5,2.07E-09,4.283246978,3.02E+05,,,
290,6.02E-09,4.275862069,8.80E+05,,,
290.5,1.38E-08,4.268502582,2.02E+06,,,
291,3.51E-08,4.261168385,5.15E+06,,,
291.5,1.09E-07,4.253859348,1.60E+07,,,
292,2.68E-07,4.246575342,3.94E+07,,,
292.5,4.27E-07,4.239316239,6.30E+07,,,
293,8.65E-07,4.232081911,1.28E+08,,,
293.5,2.27E-06,4.224872232,3.36E+08,,,
294,4.17E-06,4.217687075,6.18E+08,,,
294.5,6.59E-06,4.210526316,9.78E+08,,,
295,0.00001229,4.203389831,1.83E+09,,,
295.5,0.000027826,4.196277496,4.14E+09,,,
296,0.000047904,4.189189189,7.15E+09,,,
296.5,0.000071345,4.182124789,1.07E+10,,,
297,0.0000968,4.175084175,1.45E+10,,,
297.5,0.00018608,4.168067227,2.79E+10,,,
298,0.00028988,4.161073826,4.35E+10,,,
298.5,0.00035789,4.154103853,5.38E+10,,,
299,0.00049211,4.147157191,7.42E+10,,,
299.5,0.00086068,4.140233723,1.30E+11,,,
300,0.0010205,4.133333333,1.54E+11,,,
300.5,0.001245,4.126455907,1.89E+11,,,
301,0.00193,4.119601329,2.93E+11,,,
301.5,0.0026914,4.112769486,4.09E+11,,,
302,0.0029209,4.105960265,4.45E+11,,,
302.5,0.004284,4.099173554,6.53E+11,,,
303,0.0070945,4.092409241,1.08E+12,,,
303.5,0.0089795,4.085667216,1.37E+12,,,
304,0.0094701,4.078947368,1.45E+12,,,
304.5,0.011953,4.072249589,1.83E+12,,,
305,0.016463,4.06557377,2.53E+12,,,
305.5,0.018719,4.058919804,2.88E+12,,,
306,0.018577,4.052287582,2.87E+12,,,
306.5,0.021108,4.045676998,3.26E+12,,,
307,0.027849,4.039087948,4.31E+12,,,
307.5,0.035635,4.032520325,5.52E+12,,,
308,0.037837,4.025974026,5.87E+12,,,
308.5,0.04143,4.019448947,6.44E+12,,,
309,0.040534,4.012944984,6.31E+12,,,
309.5,0.043306,4.006462036,6.76E+12,,,
310,0.050939,4,7.96E+12,,,
310.5,0.06554,3.993558776,1.03E+13,,,
311,0.082922,3.987138264,1.30E+13,,,
311.5,0.08408,3.980738363,1.32E+13,,,
312,0.093376,3.974358974,1.47E+13,,,
312.5,0.098984,3.968,1.56E+13,,,
313,0.10733,3.961661342,1.69E+13,,,
313.5,0.10757,3.955342903,1.70E+13,,,
314,0.11969,3.949044586,1.89E+13,,,
314.5,0.1306,3.942766296,2.07E+13,,,
315,0.13625,3.936507937,2.16E+13,,,
315.5,0.11838,3.930269414,1.88E+13,,,
316,0.12348,3.924050633,1.97E+13,,,
316.5,0.15036,3.917851501,2.40E+13,,,
317,0.17158,3.911671924,2.74E+13,,,
317.5,0.18245,3.905511811,2.92E+13,,,
318,0.17594,3.899371069,2.82E+13,,,
318.5,0.18591,3.893249608,2.98E+13,,,
319,0.2047,3.887147335,3.29E+13,,,
319.5,0.19589,3.881064163,3.15E+13,,,
320,0.20527,3.875,3.31E+13,,,
320.5,0.24525,3.868954758,3.96E+13,,,
321,0.25024,3.862928349,4.05E+13,,,
321.5,0.23843,3.856920684,3.86E+13,,,
322,0.22203,3.850931677,3.60E+13,,,
322.5,0.21709,3.84496124,3.53E+13,,,
323,0.21226,3.839009288,3.46E+13,,,
323.5,0.24861,3.833075734,4.05E+13,,,
324,0.27537,3.827160494,4.50E+13,,,
324.5,0.28321,3.821263482,4.63E+13,,,
325,0.27894,3.815384615,4.57E+13,,,
325.5,0.32436,3.80952381,5.32E+13,,,
326,0.3812,3.803680982,6.26E+13,,,
326.5,0.40722,3.797856049,6.70E+13,,,
327,0.39806,3.79204893,6.56E+13,,,
327.5,0.38465,3.786259542,6.35E+13,,,
328,0.35116,3.780487805,5.81E+13,,,
328.5,0.37164,3.774733638,6.15E+13,,,
329,0.42235,3.76899696,7.00E+13,,,
329.5,0.46878,3.763277693,7.79E+13,,,
330,0.47139,3.757575758,7.84E+13,,,
330.5,0.428,3.751891074,7.13E+13,,,
331,0.40262,3.746223565,6.72E+13,,,
331.5,0.41806,3.740573152,6.99E+13,,,
332,0.43623,3.734939759,7.30E+13,,,
332.5,0.43919,3.729323308,7.36E+13,,,
333,0.42944,3.723723724,7.21E+13,,,
333.5,0.40724,3.71814093,6.85E+13,,,
334,0.41497,3.71257485,6.99E+13,,,
334.5,0.44509,3.707025411,7.50E+13,,,
335,0.46388,3.701492537,7.83E+13,,,
335.5,0.45313,3.695976155,7.66E+13,,,
336,0.41519,3.69047619,7.03E+13,,,
336.5,0.38214,3.684992571,6.48E+13,,,
337,0.3738,3.679525223,6.35E+13,,,
337.5,0.40051,3.674074074,6.81E+13,,,
338,0.43411,3.668639053,7.40E+13,,,
338.5,0.45527,3.663220089,7.77E+13,,,
339,0.46355,3.657817109,7.92E+13,,,
339.5,0.47446,3.652430044,8.12E+13,,,
340,0.5018,3.647058824,8.60E+13,,,
340.5,0.50071,3.641703377,8.59E+13,,,
341,0.47139,3.636363636,8.10E+13,,,
341.5,0.46935,3.631039531,8.08E+13,,,
342,0.48934,3.625730994,8.44E+13,,,
342.5,0.50767,3.620437956,8.76E+13,,,
343,0.51489,3.61516035,8.90E+13,,,
343.5,0.48609,3.609898108,8.42E+13,,,
344,0.41843,3.604651163,7.26E+13,,,
344.5,0.40307,3.599419448,7.00E+13,,,
345,0.45898,3.594202899,7.98E+13,,,
345.5,0.48932,3.589001447,8.52E+13,,,
346,0.47778,3.583815029,8.33E+13,,,
346.5,0.48657,3.578643579,8.50E+13,,,
347,0.49404,3.573487032,8.64E+13,,,
347.5,0.47674,3.568345324,8.35E+13,,,
348,0.47511,3.563218391,8.33E+13,,,
348.5,0.48336,3.558106169,8.49E+13,,,
349,0.46564,3.553008596,8.19E+13,,,
349.5,0.47805,3.547925608,8.42E+13,,,
350,0.52798,3.542857143,9.31E+13,,,
350.5,0.56741,3.537803138,1.00E+14,,,
351,0.55172,3.532763533,9.76E+13,,,
351.5,0.53022,3.527738265,9.39E+13,,,
352,0.51791,3.522727273,9.19E+13,,,
352.5,0.48962,3.517730496,8.70E+13,,,
353,0.5204,3.512747875,9.26E+13,,,
353.5,0.57228,3.507779349,1.02E+14,,,
354,0.60498,3.502824859,1.08E+14,,,
354.5,0.61156,3.497884344,1.09E+14,,,
355,0.6114,3.492957746,1.09E+14,,,
355.5,0.59028,3.488045007,1.06E+14,,,
356,0.55387,3.483146067,9.94E+13,,,
356.5,0.51942,3.47826087,9.33E+13,,,
357,0.45673,3.473389356,8.22E+13,,,
357.5,0.46215,3.468531469,8.33E+13,,,
358,0.43006,3.463687151,7.76E+13,,,
358.5,0.39926,3.458856346,7.21E+13,,,
359,0.46953,3.454038997,8.50E+13,,,
359.5,0.56549,3.449235049,1.02E+14,,,
360,0.59817,3.444444444,1.09E+14,,,
360.5,0.56531,3.439667129,1.03E+14,,,
361,0.52024,3.434903047,9.47E+13,,,
361.5,0.50956,3.430152144,9.28E+13,,,
362,0.5342,3.425414365,9.75E+13,,,
362.5,0.5851,3.420689655,1.07E+14,,,
363,0.60191,3.415977961,1.10E+14,,,
363.5,0.58541,3.41127923,1.07E+14,,,
364,0.60628,3.406593407,1.11E+14,,,
364.5,0.60058,3.401920439,1.10E+14,,,
365,0.62359,3.397260274,1.15E+14,,,
365.5,0.68628,3.392612859,1.26E+14,,,
366,0.73532,3.387978142,1.36E+14,,,
366.5,0.73658,3.383356071,1.36E+14,,,
367,0.72285,3.378746594,1.34E+14,,,
367.5,0.70914,3.37414966,1.31E+14,,,
368,0.66759,3.369565217,1.24E+14,,,
368.5,0.6631,3.364993216,1.23E+14,,,
369,0.69315,3.360433604,1.29E+14,,,
369.5,0.74469,3.355886333,1.39E+14,,,
370,0.75507,3.351351351,1.41E+14,,,
370.5,0.68261,3.34682861,1.27E+14,,,
371,0.69338,3.342318059,1.30E+14,,,
371.5,0.72051,3.33781965,1.35E+14,,,
372,0.67444,3.333333333,1.26E+14,,,
372.5,0.64253,3.32885906,1.21E+14,,,
373,0.61886,3.324396783,1.16E+14,,,
373.5,0.55786,3.319946452,1.05E+14,,,
374,0.5564,3.315508021,1.05E+14,,,
374.5,0.55227,3.311081442,1.04E+14,,,
375,0.5893,3.306666667,1.11E+14,,,
375.5,0.65162,3.302263648,1.23E+14,,,
376,0.6748,3.29787234,1.28E+14,,,
376.5,0.6639,3.293492696,1.26E+14,,,
377,0.71225,3.289124668,1.35E+14,,,
377.5,0.79455,3.284768212,1.51E+14,,,
378,0.85595,3.28042328,1.63E+14,,,
378.5,0.83418,3.276089828,1.59E+14,,,
379,0.74389,3.27176781,1.42E+14,,,
379.5,0.66683,3.267457181,1.28E+14,,,
380,0.70077,3.263157895,1.34E+14,,,
380.5,0.75075,3.258869908,1.44E+14,,,
381,0.76383,3.254593176,1.47E+14,,,
381.5,0.68837,3.250327654,1.32E+14,,,
382,0.58678,3.246073298,1.13E+14,,,
382.5,0.50762,3.241830065,9.79E+13,,,
383,0.45499,3.237597911,8.78E+13,,,
383.5,0.44049,3.233376793,8.51E+13,,,
384,0.50968,3.229166667,9.86E+13,,,
384.5,0.61359,3.22496749,1.19E+14,,,
385,0.67355,3.220779221,1.31E+14,,,
385.5,0.64363,3.216601816,1.25E+14,,,
386,0.621,3.212435233,1.21E+14,,,
386.5,0.6457,3.208279431,1.26E+14,,,
387,0.65147,3.204134367,1.27E+14,,,
387.5,0.64204,3.2,1.25E+14,,,
388,0.63582,3.195876289,1.24E+14,,,
388.5,0.63136,3.191763192,1.24E+14,,,
389,0.68543,3.187660668,1.34E+14,,,
389.5,0.7597,3.183568678,1.49E+14,,,
390,0.79699,3.179487179,1.57E+14,,,
390.5,0.80371,3.175416133,1.58E+14,,,
391,0.85138,3.171355499,1.68E+14,,,
391.5,0.86344,3.167305236,1.70E+14,,,
392,0.79493,3.163265306,1.57E+14,,,
392.5,0.66257,3.159235669,1.31E+14,,,
393,0.47975,3.155216285,9.50E+13,,,
393.5,0.38152,3.151207116,7.57E+13,,,
394,0.49567,3.147208122,9.84E+13,,,
394.5,0.68385,3.143219265,1.36E+14,,,
395,0.80772,3.139240506,1.61E+14,,,
395.5,0.86038,3.135271808,1.72E+14,,,
396,0.75655,3.131313131,1.51E+14,,,
396.5,0.55017,3.127364439,1.10E+14,,,
397,0.42619,3.123425693,8.53E+13,,,
397.5,0.62945,3.119496855,1.26E+14,,,
398,0.85249,3.115577889,1.71E+14,,,
398.5,1.0069,3.111668758,2.02E+14,,,
399,1.0693,3.107769424,2.15E+14,,,
399.5,1.1021,3.10387985,2.22E+14,,,
400,1.1141,3.1,2.25E+14,,,
401,1.1603,3.092269327,2.35E+14,,,
402,1.2061,3.084577114,2.44E+14,,,
403,1.1613,3.076923077,2.36E+14,,,
404,1.1801,3.069306931,2.40E+14,,,
405,1.1511,3.061728395,2.35E+14,,,
406,1.1227,3.054187192,2.30E+14,,,
407,1.1026,3.046683047,2.26E+14,,,
408,1.1514,3.039215686,2.37E+14,,,
409,1.2299,3.031784841,2.54E+14,,,
410,1.0485,3.024390244,2.17E+14,,,
411,1.1738,3.01703163,2.43E+14,,,
412,1.2478,3.009708738,2.59E+14,,,
413,1.1971,3.002421308,2.49E+14,,,
414,1.1842,2.995169082,2.47E+14,,,
415,1.2258,2.987951807,2.56E+14,,,
416,1.2624,2.980769231,2.65E+14,,,
417,1.2312,2.973621103,2.59E+14,,,
418,1.1777,2.966507177,2.48E+14,,,
419,1.2258,2.959427208,2.59E+14,,,
420,1.1232,2.952380952,2.38E+14,,,
421,1.2757,2.945368171,2.71E+14,,,
422,1.2583,2.938388626,2.68E+14,,,
423,1.2184,2.93144208,2.60E+14,,,
424,1.2117,2.924528302,2.59E+14,,,
425,1.2488,2.917647059,2.68E+14,,,
426,1.2135,2.910798122,2.61E+14,,,
427,1.1724,2.903981265,2.52E+14,,,
428,1.1839,2.897196262,2.55E+14,,,
429,1.0963,2.89044289,2.37E+14,,,
430,0.87462,2.88372093,1.90E+14,,,
431,0.79394,2.877030162,1.72E+14,,,
432,1.3207,2.87037037,2.88E+14,,,
433,1.2288,2.863741339,2.68E+14,,,
434,1.1352,2.857142857,2.48E+14,,,
435,1.2452,2.850574713,2.73E+14,,,
436,1.3659,2.844036697,3.00E+14,,,
437,1.3943,2.837528604,3.07E+14,,,
438,1.2238,2.831050228,2.70E+14,,,
439,1.1775,2.824601367,2.61E+14,,,
440,1.3499,2.818181818,2.99E+14,,,
441,1.3313,2.811791383,2.96E+14,,,
442,1.425,2.805429864,3.17E+14,,,
443,1.4453,2.799097065,3.23E+14,,,
444,1.4084,2.792792793,3.15E+14,,,
445,1.4619,2.786516854,3.28E+14,,,
446,1.3108,2.780269058,2.95E+14,,,
447,1.4903,2.774049217,3.36E+14,,,
448,1.5081,2.767857143,3.41E+14,,,
449,1.5045,2.76169265,3.40E+14,,,
450,1.5595,2.755555556,3.54E+14,,,
451,1.6173,2.749445676,3.68E+14,,,
452,1.5482,2.743362832,3.53E+14,,,
453,1.4297,2.737306843,3.26E+14,,,
454,1.5335,2.731277533,3.51E+14,,,
455,1.5224,2.725274725,3.49E+14,,,
456,1.5724,2.719298246,3.61E+14,,,
457,1.5854,2.713347921,3.65E+14,,,
458,1.5514,2.707423581,3.58E+14,,,
459,1.5391,2.701525054,3.56E+14,,,
460,1.5291,2.695652174,3.55E+14,,,
461,1.5827,2.689804772,3.68E+14,,,
462,1.5975,2.683982684,3.72E+14,,,
463,1.6031,2.678185745,3.74E+14,,,
464,1.5544,2.672413793,3.64E+14,,,
465,1.535,2.666666667,3.60E+14,,,
466,1.5673,2.660944206,3.68E+14,,,
467,1.4973,2.655246253,3.52E+14,,,
468,1.5619,2.64957265,3.68E+14,,,
469,1.5682,2.643923241,3.71E+14,,,
470,1.5077,2.638297872,3.57E+14,,,
471,1.5331,2.632696391,3.64E+14,,,
472,1.6126,2.627118644,3.84E+14,,,
473,1.5499,2.621564482,3.70E+14,,,
474,1.5671,2.616033755,3.74E+14,,,
475,1.6185,2.610526316,3.87E+14,,,
476,1.5631,2.605042017,3.75E+14,,,
477,1.5724,2.599580713,3.78E+14,,,
478,1.623,2.594142259,3.91E+14,,,
479,1.5916,2.588726514,3.84E+14,,,
480,1.6181,2.583333333,3.91E+14,,,
481,1.6177,2.577962578,3.92E+14,,,
482,1.6236,2.572614108,3.94E+14,,,
483,1.6038,2.567287785,3.90E+14,,,
484,1.5734,2.561983471,3.84E+14,,,
485,1.5683,2.556701031,3.83E+14,,,
486,1.2716,2.551440329,3.11E+14,,,
487,1.4241,2.546201232,3.50E+14,,,
488,1.5413,2.540983607,3.79E+14,,,
489,1.4519,2.535787321,3.58E+14,,,
490,1.6224,2.530612245,4.01E+14,,,
491,1.5595,2.525458248,3.86E+14,,,
492,1.4869,2.520325203,3.69E+14,,,
493,1.5903,2.515212982,3.95E+14,,,
494,1.5525,2.510121457,3.87E+14,,,
495,1.6485,2.505050505,4.11E+14,,,
496,1.5676,2.5,3.92E+14,,,
497,1.5944,2.494969819,3.99E+14,,,
498,1.5509,2.489959839,3.89E+14,,,
499,1.5507,2.48496994,3.90E+14,,,
500,1.5451,2.48,3.89E+14,,,
501,1.4978,2.4750499,3.78E+14,,,
502,1.4966,2.470119522,3.79E+14,,,
503,1.5653,2.465208748,3.97E+14,,,
504,1.4587,2.46031746,3.71E+14,,,
505,1.5635,2.455445545,3.98E+14,,,
506,1.6264,2.450592885,4.15E+14,,,
507,1.556,2.445759369,3.98E+14,,,
508,1.5165,2.440944882,3.88E+14,,,
509,1.5893,2.436149312,4.08E+14,,,
510,1.5481,2.431372549,3.98E+14,,,
511,1.5769,2.426614481,4.06E+14,,,
512,1.6186,2.421875,4.18E+14,,,
513,1.5206,2.417153996,3.93E+14,,,
514,1.4885,2.412451362,3.86E+14,,,
515,1.5314,2.40776699,3.98E+14,,,
516,1.5455,2.403100775,4.02E+14,,,
517,1.2594,2.398452611,3.28E+14,,,
518,1.4403,2.393822394,3.76E+14,,,
519,1.3957,2.389210019,3.65E+14,,,
520,1.5236,2.384615385,3.99E+14,,,
521,1.5346,2.380038388,4.03E+14,,,
522,1.569,2.375478927,4.13E+14,,,
523,1.4789,2.370936902,3.90E+14,,,
524,1.5905,2.366412214,4.20E+14,,,
525,1.5781,2.361904762,4.18E+14,,,
526,1.5341,2.357414449,4.07E+14,,,
527,1.3417,2.352941176,3.56E+14,,,
528,1.5357,2.348484848,4.09E+14,,,
529,1.6071,2.344045369,4.29E+14,,,
530,1.5446,2.339622642,4.13E+14,,,
531,1.6292,2.335216573,4.36E+14,,,
532,1.5998,2.330827068,4.29E+14,,,
533,1.4286,2.326454034,3.84E+14,,,
534,1.5302,2.322097378,4.12E+14,,,
535,1.5535,2.317757009,4.19E+14,,,
536,1.6199,2.313432836,4.38E+14,,,
537,1.4989,2.309124767,4.06E+14,,,
538,1.5738,2.304832714,4.27E+14,,,
539,1.5352,2.300556586,4.17E+14,,,
540,1.4825,2.296296296,4.04E+14,,,
541,1.4251,2.292051756,3.89E+14,,,
542,1.5511,2.287822878,4.24E+14,,,
543,1.5256,2.283609576,4.18E+14,,,
544,1.5792,2.279411765,4.33E+14,,,
545,1.5435,2.275229358,4.24E+14,,,
546,1.5291,2.271062271,4.21E+14,,,
547,1.549,2.26691042,4.27E+14,,,
548,1.5049,2.262773723,4.16E+14,,,
549,1.552,2.258652095,4.29E+14,,,
550,1.5399,2.254545455,4.27E+14,,,
551,1.5382,2.250453721,4.27E+14,,,
552,1.5697,2.246376812,4.37E+14,,,
553,1.525,2.242314647,4.25E+14,,,
554,1.5549,2.238267148,4.34E+14,,,
555,1.5634,2.234234234,4.37E+14,,,
556,1.5366,2.230215827,4.31E+14,,,
557,1.4988,2.226211849,4.21E+14,,,
558,1.531,2.222222222,4.31E+14,,,
559,1.4483,2.218246869,4.08E+14,,,
560,1.474,2.214285714,4.16E+14,,,
561,1.5595,2.210338681,4.41E+14,,,
562,1.4847,2.206405694,4.21E+14,,,
563,1.5408,2.202486679,4.37E+14,,,
564,1.5106,2.19858156,4.29E+14,,,
565,1.5201,2.194690265,4.33E+14,,,
566,1.4374,2.190812721,4.10E+14,,,
567,1.532,2.186948854,4.38E+14,,,
568,1.518,2.183098592,4.35E+14,,,
569,1.4807,2.179261863,4.25E+14,,,
570,1.4816,2.175438596,4.26E+14,,,
571,1.4331,2.171628722,4.12E+14,,,
572,1.5134,2.167832168,4.36E+14,,,
573,1.5198,2.164048866,4.39E+14,,,
574,1.5119,2.160278746,4.37E+14,,,
575,1.4777,2.156521739,4.28E+14,,,
576,1.4654,2.152777778,4.25E+14,,,
577,1.5023,2.149046794,4.37E+14,,,
578,1.456,2.14532872,4.24E+14,,,
579,1.477,2.141623489,4.31E+14,,,
580,1.502,2.137931034,4.39E+14,,,
581,1.5089,2.134251291,4.42E+14,,,
582,1.532,2.130584192,4.49E+14,,,
583,1.5479,2.126929674,4.55E+14,,,
584,1.5448,2.123287671,4.55E+14,,,
585,1.5324,2.11965812,4.52E+14,,,
586,1.4953,2.116040956,4.42E+14,,,
587,1.5281,2.112436116,4.52E+14,,,
588,1.4934,2.108843537,4.43E+14,,,
589,1.2894,2.105263158,3.83E+14,,,
590,1.3709,2.101694915,4.08E+14,,,
591,1.4662,2.098138748,4.37E+14,,,
592,1.4354,2.094594595,4.28E+14,,,
593,1.4561,2.091062395,4.35E+14,,,
594,1.4491,2.087542088,4.34E+14,,,
595,1.4308,2.084033613,4.29E+14,,,
596,1.4745,2.080536913,4.43E+14,,,
597,1.4788,2.077051926,4.45E+14,,,
598,1.4607,2.073578595,4.40E+14,,,
599,1.4606,2.070116861,4.41E+14,,,
600,1.4753,2.066666667,4.46E+14,,,
601,1.4579,2.063227953,4.42E+14,,,
602,1.436,2.059800664,4.36E+14,,,
603,1.4664,2.056384743,4.46E+14,,,
604,1.4921,2.052980132,4.54E+14,,,
605,1.4895,2.049586777,4.54E+14,,,
606,1.4822,2.04620462,4.53E+14,,,
607,1.4911,2.042833608,4.56E+14,,,
608,1.4862,2.039473684,4.55E+14,,,
609,1.4749,2.036124795,4.53E+14,,,
610,1.4686,2.032786885,4.52E+14,,,
611,1.4611,2.029459902,4.50E+14,,,
612,1.4831,2.026143791,4.57E+14,,,
613,1.4621,2.022838499,4.52E+14,,,
614,1.4176,2.019543974,4.39E+14,,,
615,1.4697,2.016260163,4.56E+14,,,
616,1.431,2.012987013,4.44E+14,,,
617,1.4128,2.009724473,4.39E+14,,,
618,1.4664,2.006472492,4.57E+14,,,
619,1.4733,2.003231018,4.60E+14,,,
620,1.4739,2,4.61E+14,,,
621,1.4802,1.996779388,4.63E+14,,,
622,1.4269,1.993569132,4.47E+14,,,
623,1.4165,1.990369181,4.45E+14,,,
624,1.4118,1.987179487,4.44E+14,,,
625,1.4026,1.984,4.42E+14,,,
626,1.4012,1.980830671,4.42E+14,,,
627,1.4417,1.977671451,4.56E+14,,,
628,1.3631,1.974522293,4.31E+14,,,
629,1.4114,1.971383148,4.47E+14,,,
630,1.3924,1.968253968,4.42E+14,,,
631,1.4161,1.965134707,4.50E+14,,,
632,1.3638,1.962025316,4.34E+14,,,
633,1.4508,1.95892575,4.63E+14,,,
634,1.4284,1.955835962,4.56E+14,,,
635,1.4458,1.952755906,4.63E+14,,,
636,1.4128,1.949685535,4.53E+14,,,
637,1.461,1.946624804,4.69E+14,,,
638,1.4707,1.943573668,4.73E+14,,,
639,1.4646,1.940532081,4.72E+14,,,
640,1.434,1.9375,4.63E+14,,,
641,1.4348,1.934477379,4.64E+14,,,
642,1.4376,1.931464174,4.65E+14,,,
643,1.4525,1.928460342,4.71E+14,,,
644,1.4462,1.925465839,4.69E+14,,,
645,1.4567,1.92248062,4.74E+14,,,
646,1.415,1.919504644,4.61E+14,,,
647,1.4086,1.916537867,4.59E+14,,,
648,1.3952,1.913580247,4.56E+14,,,
649,1.3519,1.910631741,4.42E+14,,,
650,1.3594,1.907692308,4.45E+14,,,
651,1.4447,1.904761905,4.74E+14,,,
652,1.3871,1.901840491,4.56E+14,,,
653,1.4311,1.898928025,4.71E+14,,,
654,1.4153,1.896024465,4.67E+14,,,
655,1.3499,1.893129771,4.46E+14,,,
656,1.1851,1.890243902,3.92E+14,,,
657,1.2393,1.887366819,4.10E+14,,,
658,1.3855,1.88449848,4.60E+14,,,
659,1.3905,1.881638847,4.62E+14,,,
660,1.3992,1.878787879,4.65E+14,,,
661,1.3933,1.875945537,4.64E+14,,,
662,1.3819,1.873111782,4.61E+14,,,
663,1.3844,1.870286576,4.63E+14,,,
664,1.3967,1.86746988,4.67E+14,,,
665,1.4214,1.864661654,4.76E+14,,,
666,1.4203,1.861861862,4.77E+14,,,
667,1.4102,1.859070465,4.74E+14,,,
668,1.415,1.856287425,4.76E+14,,,
669,1.4394,1.853512706,4.85E+14,,,
670,1.4196,1.850746269,4.79E+14,,,
671,1.4169,1.847988077,4.79E+14,,,
672,1.3972,1.845238095,4.73E+14,,,
673,1.4094,1.842496285,4.78E+14,,,
674,1.4074,1.839762611,4.78E+14,,,
675,1.3958,1.837037037,4.75E+14,,,
676,1.412,1.834319527,4.81E+14,,,
677,1.3991,1.831610044,4.77E+14,,,
678,1.4066,1.828908555,4.81E+14,,,
679,1.3947,1.826215022,4.77E+14,,,
680,1.3969,1.823529412,4.79E+14,,,
681,1.3915,1.820851689,4.78E+14,,,
682,1.3981,1.818181818,4.81E+14,,,
683,1.383,1.815519766,4.76E+14,,,
684,1.3739,1.812865497,4.74E+14,,,
685,1.3748,1.810218978,4.75E+14,,,
686,1.3438,1.807580175,4.65E+14,,,
687,0.96824,1.804949054,3.35E+14,,,
688,1.1206,1.802325581,3.89E+14,,,
689,1.1278,1.799709724,3.92E+14,,,
690,1.1821,1.797101449,4.11E+14,,,
691,1.2333,1.794500724,4.30E+14,,,
692,1.2689,1.791907514,4.43E+14,,,
693,1.2609,1.789321789,4.40E+14,,,
694,1.2464,1.786743516,4.36E+14,,,
695,1.2714,1.784172662,4.45E+14,,,
696,1.2684,1.781609195,4.45E+14,,,
697,1.3403,1.779053085,4.71E+14,,,
698,1.3192,1.776504298,4.64E+14,,,
699,1.2918,1.773962804,4.55E+14,,,
700,1.2823,1.771428571,4.52E+14,,,
701,1.2659,1.768901569,4.47E+14,,,
702,1.2674,1.766381766,4.48E+14,,,
703,1.2747,1.763869132,4.52E+14,,,
704,1.3078,1.761363636,4.64E+14,,,
705,1.3214,1.758865248,4.70E+14,,,
706,1.3144,1.756373938,4.68E+14,,,
707,1.309,1.753889675,4.66E+14,,,
708,1.3048,1.751412429,4.66E+14,,,
709,1.3095,1.748942172,4.68E+14,,,
710,1.3175,1.746478873,4.71E+14,,,
711,1.3155,1.744022504,4.71E+14,,,
712,1.3071,1.741573034,4.69E+14,,,
713,1.2918,1.739130435,4.64E+14,,,
714,1.3029,1.736694678,4.69E+14,,,
715,1.2587,1.734265734,4.54E+14,,,
716,1.2716,1.731843575,4.59E+14,,,
717,1.1071,1.729428173,4.00E+14,,,
718,1.0296,1.727019499,3.73E+14,,,
719,0.92318,1.724617524,3.35E+14,,,
720,0.9855,1.722222222,3.58E+14,,,
721,1.0861,1.719833564,3.95E+14,,,
722,1.2407,1.717451524,4.52E+14,,,
723,1.1444,1.715076072,4.17E+14,,,
724,1.0555,1.712707182,3.85E+14,,,
725,1.038,1.710344828,3.79E+14,,,
726,1.0813,1.707988981,3.96E+14,,,
727,1.085,1.705639615,3.98E+14,,,
728,1.04,1.703296703,3.82E+14,,,
729,1.0466,1.700960219,3.85E+14,,,
730,1.1285,1.698630137,4.15E+14,,,
731,1.0703,1.69630643,3.94E+14,,,
732,1.1534,1.693989071,4.26E+14,,,
733,1.1962,1.691678035,4.42E+14,,,
734,1.2357,1.689373297,4.57E+14,,,
735,1.2178,1.68707483,4.51E+14,,,
736,1.2059,1.684782609,4.47E+14,,,
737,1.2039,1.682496608,4.47E+14,,,
738,1.2269,1.680216802,4.56E+14,,,
739,1.1905,1.677943166,4.43E+14,,,
740,1.2195,1.675675676,4.55E+14,,,
741,1.2148,1.673414305,4.54E+14,,,
742,1.2153,1.67115903,4.55E+14,,,
743,1.2405,1.668909825,4.65E+14,,,
744,1.2503,1.666666667,4.69E+14,,,
745,1.2497,1.66442953,4.69E+14,,,
746,1.247,1.662198391,4.69E+14,,,
747,1.2477,1.659973226,4.70E+14,,,
748,1.2401,1.657754011,4.68E+14,,,
749,1.2357,1.655540721,4.67E+14,,,
750,1.2341,1.653333333,4.67E+14,,,
751,1.2286,1.651131824,4.65E+14,,,
752,1.233,1.64893617,4.67E+14,,,
753,1.2266,1.646746348,4.66E+14,,,
754,1.242,1.644562334,4.72E+14,,,
755,1.2383,1.642384106,4.71E+14,,,
756,1.2232,1.64021164,4.66E+14,,,
757,1.2221,1.638044914,4.66E+14,,,
758,1.2295,1.635883905,4.70E+14,,,
759,1.1945,1.63372859,4.57E+14,,,
760,0.26604,1.631578947,1.02E+14,,,
761,0.15396,1.629434954,5.91E+13,,,
762,0.68766,1.627296588,2.64E+14,,,
763,0.37952,1.625163827,1.46E+14,,,
764,0.53878,1.623036649,2.07E+14,,,
765,0.68601,1.620915033,2.65E+14,,,
766,0.81461,1.618798956,3.15E+14,,,
767,0.97417,1.616688396,3.77E+14,,,
768,1.1138,1.614583333,4.31E+14,,,
769,1.1278,1.612483745,4.37E+14,,,
770,1.1608,1.61038961,4.51E+14,,,
771,1.1686,1.608300908,4.54E+14,,,
772,1.1778,1.606217617,4.58E+14,,,
773,1.1771,1.604139715,4.59E+14,,,
774,1.1771,1.602067183,4.59E+14,,,
775,1.1771,1.6,4.60E+14,,,
776,1.1798,1.597938144,4.61E+14,,,
777,1.1727,1.595881596,4.59E+14,,,
778,1.1713,1.593830334,4.59E+14,,,
779,1.1765,1.591784339,4.62E+14,,,
780,1.1636,1.58974359,4.57E+14,,,
781,1.1607,1.587708067,4.57E+14,,,
782,1.1662,1.585677749,4.60E+14,,,
783,1.1614,1.583652618,4.58E+14,,,
784,1.1536,1.581632653,4.56E+14,,,
785,1.1586,1.579617834,4.58E+14,,,
786,1.1592,1.577608142,4.59E+14,,,
787,1.145,1.575603558,4.54E+14,,,
788,1.1305,1.573604061,4.49E+14,,,
789,1.1257,1.571609632,4.48E+14,,,
790,1.091,1.569620253,4.34E+14,,,
791,1.1058,1.567635904,4.41E+14,,,
792,1.0953,1.565656566,4.37E+14,,,
793,1.0875,1.563682219,4.35E+14,,,
794,1.0972,1.561712846,4.39E+14,,,
795,1.0932,1.559748428,4.38E+14,,,
796,1.0742,1.557788945,4.31E+14,,,
797,1.0913,1.555834379,4.38E+14,,,
798,1.1121,1.553884712,4.47E+14,,,
799,1.0905,1.551939925,4.39E+14,,,
800,1.0725,1.55,4.32E+14,,,
801,1.0843,1.548064919,4.38E+14,,,
802,1.0856,1.546134663,4.39E+14,,,
803,1.0657,1.544209215,4.31E+14,,,
804,1.0782,1.542288557,4.37E+14,,,
805,1.0545,1.540372671,4.28E+14,,,
806,1.0974,1.538461538,4.46E+14,,,
807,1.0859,1.536555143,4.42E+14,,,
808,1.0821,1.534653465,4.41E+14,,,
809,1.0548,1.532756489,4.30E+14,,,
810,1.0559,1.530864198,4.31E+14,,,
811,1.0533,1.528976572,4.31E+14,,,
812,1.0268,1.527093596,4.20E+14,,,
813,1.0086,1.525215252,4.13E+14,,,
814,0.90356,1.523341523,3.71E+14,,,
815,0.89523,1.521472393,3.68E+14,,,
816,0.83216,1.519607843,3.42E+14,,,
817,0.85183,1.517747858,3.51E+14,,,
818,0.82259,1.515892421,3.39E+14,,,
819,0.90519,1.514041514,3.74E+14,,,
820,0.86188,1.512195122,3.56E+14,,,
821,0.99764,1.510353228,4.13E+14,,,
822,0.95157,1.508515815,3.94E+14,,,
823,0.67271,1.506682868,2.79E+14,,,
824,0.93506,1.504854369,3.88E+14,,,
825,0.96935,1.503030303,4.03E+14,,,
826,0.93381,1.501210654,3.89E+14,,,
827,0.98465,1.499395405,4.10E+14,,,
828,0.84979,1.497584541,3.55E+14,,,
829,0.9293,1.495778046,3.88E+14,,,
830,0.91601,1.493975904,3.83E+14,,,
831,0.92392,1.492178099,3.87E+14,,,
832,0.89426,1.490384615,3.75E+14,,,
833,0.9565,1.488595438,4.02E+14,,,
834,0.93412,1.486810552,3.93E+14,,,
835,1.0032,1.48502994,4.22E+14,,,
836,0.97234,1.483253589,4.10E+14,,,
837,1.0092,1.481481481,4.26E+14,,,
838,0.99901,1.479713604,4.22E+14,,,
839,1.0013,1.47794994,4.23E+14,,,
840,1.0157,1.476190476,4.30E+14,,,
841,1.0101,1.474435196,4.28E+14,,,
842,0.99703,1.472684086,4.23E+14,,,
843,1.0053,1.470937129,4.27E+14,,,
844,0.98631,1.469194313,4.20E+14,,,
845,1.0165,1.467455621,4.33E+14,,,
846,1.0187,1.46572104,4.34E+14,,,
847,0.9917,1.463990555,4.23E+14,,,
848,0.99217,1.462264151,4.24E+14,,,
849,0.98596,1.460541814,4.22E+14,,,
850,0.89372,1.458823529,3.83E+14,,,
851,0.97493,1.457109283,4.18E+14,,,
852,0.96927,1.455399061,4.16E+14,,,
853,0.96486,1.453692849,4.15E+14,,,
854,0.85112,1.451990632,3.66E+14,,,
855,0.913,1.450292398,3.93E+14,,,
856,0.97317,1.448598131,4.20E+14,,,
857,0.99166,1.446907818,4.28E+14,,,
858,0.99196,1.445221445,4.29E+14,,,
859,0.99171,1.443538999,4.29E+14,,,
860,0.98816,1.441860465,4.28E+14,,,
861,0.98679,1.44018583,4.28E+14,,,
862,0.99449,1.438515081,4.32E+14,,,
863,1.0005,1.436848204,4.35E+14,,,
864,0.97916,1.435185185,4.26E+14,,,
865,0.96324,1.433526012,4.20E+14,,,
866,0.849,1.43187067,3.71E+14,,,
867,0.91546,1.430219146,4.00E+14,,,
868,0.9592,1.428571429,4.20E+14,,,
869,0.94956,1.426927503,4.16E+14,,,
870,0.96755,1.425287356,4.24E+14,,,
871,0.95387,1.423650976,4.19E+14,,,
872,0.96686,1.422018349,4.25E+14,,,
873,0.95721,1.420389462,4.21E+14,,,
874,0.94042,1.418764302,4.14E+14,,,
875,0.92687,1.417142857,4.09E+14,,,
876,0.95277,1.415525114,4.21E+14,,,
877,0.95615,1.41391106,4.23E+14,,,
878,0.95237,1.412300683,4.21E+14,,,
879,0.93656,1.41069397,4.15E+14,,,
880,0.93957,1.409090909,4.17E+14,,,
881,0.90861,1.407491487,4.03E+14,,,
882,0.93245,1.405895692,4.15E+14,,,
883,0.92927,1.404303511,4.14E+14,,,
884,0.93305,1.402714932,4.16E+14,,,
885,0.94423,1.401129944,4.21E+14,,,
886,0.90752,1.399548533,4.05E+14,,,
887,0.91062,1.397970688,4.07E+14,,,
888,0.92228,1.396396396,4.13E+14,,,
889,0.93455,1.394825647,4.19E+14,,,
890,0.92393,1.393258427,4.14E+14,,,
891,0.92584,1.391694725,4.16E+14,,,
892,0.90881,1.390134529,4.09E+14,,,
893,0.87327,1.388577828,3.93E+14,,,
894,0.8513,1.387024609,3.84E+14,,,
895,0.81357,1.38547486,3.67E+14,,,
896,0.76253,1.383928571,3.44E+14,,,
897,0.66566,1.38238573,3.01E+14,,,
898,0.7178,1.380846325,3.25E+14,,,
899,0.54871,1.379310345,2.49E+14,,,
900,0.7426,1.377777778,3.37E+14,,,
901,0.59933,1.376248613,2.72E+14,,,
902,0.66791,1.374722838,3.04E+14,,,
903,0.68889,1.373200443,3.14E+14,,,
904,0.84457,1.371681416,3.85E+14,,,
905,0.81709,1.370165746,3.73E+14,,,
906,0.77558,1.368653422,3.54E+14,,,
907,0.63854,1.367144432,2.92E+14,,,
908,0.65217,1.365638767,2.98E+14,,,
909,0.70431,1.364136414,3.23E+14,,,
910,0.62467,1.362637363,2.87E+14,,,
911,0.66808,1.361141603,3.07E+14,,,
912,0.68893,1.359649123,3.17E+14,,,
913,0.62834,1.358159912,2.89E+14,,,
914,0.62649,1.356673961,2.89E+14,,,
915,0.67836,1.355191257,3.13E+14,,,
916,0.57646,1.35371179,2.66E+14,,,
917,0.73017,1.352235551,3.37E+14,,,
918,0.59271,1.350762527,2.74E+14,,,
919,0.73877,1.349292709,3.42E+14,,,
920,0.74414,1.347826087,3.45E+14,,,
921,0.78049,1.346362649,3.62E+14,,,
922,0.70026,1.344902386,3.25E+14,,,
923,0.74504,1.343445287,3.47E+14,,,
924,0.7215,1.341991342,3.36E+14,,,
925,0.7111,1.340540541,3.32E+14,,,
926,0.70331,1.339092873,3.28E+14,,,
927,0.78742,1.337648328,3.68E+14,,,
928,0.58968,1.336206897,2.76E+14,,,
929,0.55127,1.334768568,2.58E+14,,,
930,0.4321,1.333333333,2.03E+14,,,
931,0.40921,1.331901182,1.92E+14,,,
932,0.30086,1.330472103,1.41E+14,,,
933,0.24841,1.329046088,1.17E+14,,,
934,0.1438,1.327623126,6.77E+13,,,
935,0.25084,1.326203209,1.18E+14,,,
936,0.16142,1.324786325,7.62E+13,,,
937,0.16338,1.323372465,7.72E+13,,,
938,0.20058,1.32196162,9.48E+13,,,
939,0.39887,1.320553781,1.89E+14,,,
940,0.47181,1.319148936,2.24E+14,,,
941,0.37195,1.317747078,1.76E+14,,,
942,0.40532,1.316348195,1.92E+14,,,
943,0.27834,1.31495228,1.32E+14,,,
944,0.28579,1.313559322,1.36E+14,,,
945,0.36821,1.312169312,1.75E+14,,,
946,0.19461,1.310782241,9.28E+13,,,
947,0.37112,1.309398099,1.77E+14,,,
948,0.27423,1.308016878,1.31E+14,,,
949,0.49396,1.306638567,2.36E+14,,,
950,0.14726,1.305263158,7.05E+13,,,
951,0.48378,1.303890641,2.32E+14,,,
952,0.26891,1.302521008,1.29E+14,,,
953,0.34362,1.30115425,1.65E+14,,,
954,0.42411,1.299790356,2.04E+14,,,
955,0.34117,1.298429319,1.64E+14,,,
956,0.32821,1.29707113,1.58E+14,,,
957,0.27067,1.295715778,1.31E+14,,,
958,0.46101,1.294363257,2.23E+14,,,
959,0.37385,1.293013556,1.81E+14,,,
960,0.42066,1.291666667,2.04E+14,,,
961,0.4612,1.290322581,2.23E+14,,,
962,0.44174,1.288981289,2.14E+14,,,
963,0.50503,1.287642783,2.45E+14,,,
964,0.4586,1.286307054,2.23E+14,,,
965,0.50374,1.284974093,2.45E+14,,,
966,0.50275,1.283643892,2.45E+14,,,
967,0.5024,1.282316443,2.45E+14,,,
968,0.6521,1.280991736,3.18E+14,,,
969,0.68622,1.279669763,3.35E+14,,,
970,0.63461,1.278350515,3.10E+14,,,
971,0.71397,1.277033986,3.49E+14,,,
972,0.68765,1.275720165,3.37E+14,,,
973,0.60648,1.274409044,2.97E+14,,,
974,0.57529,1.273100616,2.82E+14,,,
975,0.58987,1.271794872,2.90E+14,,,
976,0.57191,1.270491803,2.81E+14,,,
977,0.63864,1.269191402,3.14E+14,,,
978,0.61509,1.267893661,3.03E+14,,,
979,0.63815,1.26659857,3.15E+14,,,
980,0.60468,1.265306122,2.99E+14,,,
981,0.71338,1.26401631,3.53E+14,,,
982,0.69218,1.262729124,3.43E+14,,,
983,0.66865,1.261444557,3.31E+14,,,
984,0.73732,1.260162602,3.66E+14,,,
985,0.68817,1.258883249,3.42E+14,,,
986,0.75083,1.257606491,3.73E+14,,,
987,0.73928,1.25633232,3.68E+14,,,
988,0.73462,1.255060729,3.66E+14,,,
989,0.74906,1.253791709,3.73E+14,,,
990,0.73227,1.252525253,3.65E+14,,,
991,0.75358,1.251261352,3.76E+14,,,
992,0.75102,1.25,3.76E+14,,,
993,0.73728,1.248741188,3.69E+14,,,
994,0.7541,1.247484909,3.78E+14,,,
995,0.75176,1.246231156,3.77E+14,,,
996,0.74884,1.24497992,3.76E+14,,,
997,0.73971,1.243731194,3.72E+14,,,
998,0.73887,1.24248497,3.72E+14,,,
999,0.73857,1.241241241,3.72E+14,,,
1000,0.73532,1.24,3.71E+14,,,
1001,0.74442,1.238761239,3.76E+14,,,
1002,0.72805,1.23752495,3.68E+14,,,
1003,0.73442,1.236291127,3.71E+14,,,
1004,0.72336,1.235059761,3.66E+14,,,
1005,0.68174,1.233830846,3.45E+14,,,
1006,0.71252,1.232604374,3.61E+14,,,
1007,0.72753,1.231380338,3.69E+14,,,
1008,0.72685,1.23015873,3.69E+14,,,
1009,0.71972,1.228939544,3.66E+14,,,
1010,0.71914,1.227722772,3.66E+14,,,
1011,0.72278,1.226508408,3.68E+14,,,
1012,0.71877,1.225296443,3.67E+14,,,
1013,0.71761,1.224086871,3.66E+14,,,
1014,0.72068,1.222879684,3.68E+14,,,
1015,0.70817,1.221674877,3.62E+14,,,
1016,0.71129,1.220472441,3.64E+14,,,
1017,0.70337,1.21927237,3.61E+14,,,
1018,0.71422,1.218074656,3.66E+14,,,
1019,0.68878,1.216879293,3.54E+14,,,
1020,0.69896,1.215686275,3.59E+14,,,
1021,0.70175,1.214495593,3.61E+14,,,
1022,0.6897,1.213307241,3.55E+14,,,
1023,0.69508,1.212121212,3.58E+14,,,
1024,0.69058,1.2109375,3.56E+14,,,
1025,0.69753,1.209756098,3.60E+14,,,
1026,0.69636,1.208576998,3.60E+14,,,
1027,0.69305,1.207400195,3.59E+14,,,
1028,0.69385,1.206225681,3.60E+14,,,
1029,0.68628,1.20505345,3.56E+14,,,
1030,0.69055,1.203883495,3.59E+14,,,
1031,0.68736,1.20271581,3.57E+14,,,
1032,0.68787,1.201550388,3.58E+14,,,
1033,0.67613,1.200387222,3.52E+14,,,
1034,0.68015,1.199226306,3.54E+14,,,
1035,0.68234,1.198067633,3.56E+14,,,
1036,0.68202,1.196911197,3.56E+14,,,
1037,0.67497,1.195756991,3.53E+14,,,
1038,0.67172,1.19460501,3.51E+14,,,
1039,0.67636,1.193455245,3.54E+14,,,
1040,0.6717,1.192307692,3.52E+14,,,
1041,0.67176,1.191162344,3.52E+14,,,
1042,0.672,1.190019194,3.53E+14,,,
1043,0.66525,1.188878236,3.50E+14,,,
1044,0.66833,1.187739464,3.52E+14,,,
1045,0.66452,1.186602871,3.50E+14,,,
1046,0.64714,1.185468451,3.41E+14,,,
1047,0.65694,1.184336199,3.47E+14,,,
1048,0.66274,1.183206107,3.50E+14,,,
1049,0.65896,1.18207817,3.48E+14,,,
1050,0.65463,1.180952381,3.46E+14,,,
1051,0.65521,1.179828735,3.47E+14,,,
1052,0.65118,1.178707224,3.45E+14,,,
1053,0.64919,1.177587844,3.45E+14,,,
1054,0.64646,1.176470588,3.43E+14,,,
1055,0.64847,1.17535545,3.45E+14,,,
1056,0.64641,1.174242424,3.44E+14,,,
1057,0.64482,1.173131504,3.44E+14,,,
1058,0.63818,1.172022684,3.40E+14,,,
1059,0.61875,1.170915958,3.30E+14,,,
1060,0.63585,1.169811321,3.40E+14,,,
1061,0.62121,1.168708765,3.32E+14,,,
1062,0.63266,1.167608286,3.39E+14,,,
1063,0.62239,1.166509878,3.33E+14,,,
1064,0.63196,1.165413534,3.39E+14,,,
1065,0.62913,1.164319249,3.38E+14,,,
1066,0.61713,1.163227017,3.32E+14,,,
1067,0.62032,1.162136832,3.34E+14,,,
1068,0.61944,1.161048689,3.33E+14,,,
1069,0.58626,1.159962582,3.16E+14,,,
1070,0.60469,1.158878505,3.26E+14,,,
1071,0.61661,1.157796452,3.33E+14,,,
1072,0.61536,1.156716418,3.32E+14,,,
1073,0.60363,1.155638397,3.26E+14,,,
1074,0.62158,1.154562384,3.36E+14,,,
1075,0.59252,1.153488372,3.21E+14,,,
1076,0.61471,1.152416357,3.33E+14,,,
1077,0.60434,1.151346332,3.28E+14,,,
1078,0.60321,1.150278293,3.28E+14,,,
1079,0.60474,1.149212234,3.29E+14,,,
1080,0.59722,1.148148148,3.25E+14,,,
1081,0.58083,1.147086031,3.16E+14,,,
1082,0.5894,1.146025878,3.21E+14,,,
1083,0.59814,1.144967682,3.27E+14,,,
1084,0.57852,1.143911439,3.16E+14,,,
1085,0.5933,1.142857143,3.24E+14,,,
1086,0.5541,1.141804788,3.03E+14,,,
1087,0.56697,1.14075437,3.11E+14,,,
1088,0.59317,1.139705882,3.25E+14,,,
1089,0.57919,1.13865932,3.18E+14,,,
1090,0.55573,1.137614679,3.05E+14,,,
1091,0.58835,1.136571952,3.24E+14,,,
1092,0.58124,1.135531136,3.20E+14,,,
1093,0.51058,1.134492223,2.81E+14,,,
1094,0.53965,1.13345521,2.98E+14,,,
1095,0.52067,1.132420091,2.87E+14,,,
1096,0.50323,1.131386861,2.78E+14,,,
1097,0.57852,1.130355515,3.20E+14,,,
1098,0.50291,1.129326047,2.78E+14,,,
1099,0.50772,1.128298453,2.81E+14,,,
1100,0.48577,1.127272727,2.69E+14,,,
1101,0.49696,1.126248865,2.76E+14,,,
1102,0.46883,1.12522686,2.60E+14,,,
1103,0.46637,1.124206709,2.59E+14,,,
1104,0.46765,1.123188406,2.60E+14,,,
1105,0.50644,1.122171946,2.82E+14,,,
1106,0.39792,1.121157324,2.22E+14,,,
1107,0.48304,1.120144535,2.70E+14,,,
1108,0.41565,1.119133574,2.32E+14,,,
1109,0.41278,1.118124436,2.31E+14,,,
1110,0.47899,1.117117117,2.68E+14,,,
1111,0.33154,1.116111611,1.86E+14,,,
1112,0.41357,1.115107914,2.32E+14,,,
1113,0.2685,1.11410602,1.51E+14,,,
1114,0.29985,1.113105925,1.68E+14,,,
1115,0.24987,1.112107623,1.40E+14,,,
1116,0.20136,1.111111111,1.13E+14,,,
1117,0.079618,1.110116383,4.48E+13,,,
1118,0.21753,1.109123435,1.23E+14,,,
1119,0.11317,1.108132261,6.38E+13,,,
1120,0.14189,1.107142857,8.01E+13,,,
1121,0.18586,1.106155219,1.05E+14,,,
1122,0.081686,1.10516934,4.62E+13,,,
1123,0.12817,1.104185218,7.25E+13,,,
1124,0.1087,1.103202847,6.16E+13,,,
1125,0.14428,1.102222222,8.18E+13,,,
1126,0.051589,1.101243339,2.93E+13,,,
1127,0.15725,1.100266193,8.93E+13,,,
1128,0.099224,1.09929078,5.64E+13,,,
1129,0.10591,1.098317095,6.03E+13,,,
1130,0.070574,1.097345133,4.02E+13,,,
1131,0.2956,1.096374889,1.69E+14,,,
1132,0.23411,1.09540636,1.34E+14,,,
1133,0.15331,1.094439541,8.76E+13,,,
1134,0.04174,1.093474427,2.39E+13,,,
1135,0.015462,1.092511013,8.85E+12,,,
1136,0.12876,1.091549296,7.37E+13,,,
1137,0.28785,1.09058927,1.65E+14,,,
1138,0.20329,1.089630931,1.17E+14,,,
1139,0.2985,1.088674276,1.71E+14,,,
1140,0.25599,1.087719298,1.47E+14,,,
1141,0.19337,1.086765995,1.11E+14,,,
1142,0.22479,1.085814361,1.29E+14,,,
1143,0.31183,1.084864392,1.80E+14,,,
1144,0.11326,1.083916084,6.53E+13,,,
1145,0.14604,1.082969432,8.43E+13,,,
1146,0.15764,1.082024433,9.11E+13,,,
1147,0.059176,1.081081081,3.42E+13,,,
1148,0.27113,1.080139373,1.57E+14,,,
1149,0.21854,1.079199304,1.27E+14,,,
1150,0.12164,1.07826087,7.05E+13,,,
1151,0.2034,1.077324066,1.18E+14,,,
1152,0.24762,1.076388889,1.44E+14,,,
1153,0.23812,1.075455334,1.38E+14,,,
1154,0.14248,1.074523397,8.29E+13,,,
1155,0.31316,1.073593074,1.82E+14,,,
1156,0.2809,1.07266436,1.64E+14,,,
1157,0.31458,1.071737252,1.83E+14,,,
1158,0.31171,1.070811744,1.82E+14,,,
1159,0.33693,1.069887834,1.97E+14,,,
1160,0.28648,1.068965517,1.67E+14,,,
1161,0.34753,1.068044789,2.03E+14,,,
1162,0.35002,1.067125645,2.05E+14,,,
1163,0.46857,1.066208083,2.75E+14,,,
1164,0.40188,1.065292096,2.36E+14,,,
1165,0.3886,1.064377682,2.28E+14,,,
1166,0.37494,1.063464837,2.20E+14,,,
1167,0.40996,1.062553556,2.41E+14,,,
1168,0.41954,1.061643836,2.47E+14,,,
1169,0.4231,1.060735672,2.49E+14,,,
1170,0.45873,1.05982906,2.71E+14,,,
1171,0.44831,1.058923997,2.65E+14,,,
1172,0.45483,1.058020478,2.69E+14,,,
1173,0.45642,1.0571185,2.70E+14,,,
1174,0.33692,1.056218058,1.99E+14,,,
1175,0.4524,1.055319149,2.68E+14,,,
1176,0.47679,1.054421769,2.83E+14,,,
1177,0.47235,1.053525913,2.80E+14,,,
1178,0.36,1.052631579,2.14E+14,,,
1179,0.48371,1.051738762,2.87E+14,,,
1180,0.44069,1.050847458,2.62E+14,,,
1181,0.45514,1.049957663,2.71E+14,,,
1182,0.32318,1.049069374,1.93E+14,,,
1183,0.4387,1.048182587,2.62E+14,,,
1184,0.41985,1.047297297,2.51E+14,,,
1185,0.40741,1.046413502,2.43E+14,,,
1186,0.47715,1.045531197,2.85E+14,,,
1187,0.45575,1.044650379,2.73E+14,,,
1188,0.33504,1.043771044,2.01E+14,,,
1189,0.41569,1.042893188,2.49E+14,,,
1190,0.46239,1.042016807,2.77E+14,,,
1191,0.4466,1.041141898,2.68E+14,,,
1192,0.47336,1.040268456,2.84E+14,,,
1193,0.45434,1.039396479,2.73E+14,,,
1194,0.4689,1.038525963,2.82E+14,,,
1195,0.44696,1.037656904,2.69E+14,,,
1196,0.43131,1.036789298,2.60E+14,,,
1197,0.47715,1.035923141,2.88E+14,,,
1198,0.43392,1.035058431,2.62E+14,,,
1199,0.36489,1.034195163,2.21E+14,,,
1200,0.44825,1.033333333,2.71E+14,,,
1201,0.43708,1.032472939,2.65E+14,,,
1202,0.43717,1.031613977,2.65E+14,,,
1203,0.43409,1.030756442,2.63E+14,,,
1204,0.36247,1.029900332,2.20E+14,,,
1205,0.43692,1.029045643,2.65E+14,,,
1206,0.48086,1.028192371,2.92E+14,,,
1207,0.42986,1.027340514,2.62E+14,,,
1208,0.43346,1.026490066,2.64E+14,,,
1209,0.41428,1.025641026,2.52E+14,,,
1210,0.45336,1.024793388,2.76E+14,,,
1211,0.42232,1.023947151,2.58E+14,,,
1212,0.42489,1.02310231,2.60E+14,,,
1213,0.46956,1.022258862,2.87E+14,,,
1214,0.43407,1.021416804,2.66E+14,,,
1215,0.4278,1.020576132,2.62E+14,,,
1216,0.4664,1.019736842,2.86E+14,,,
1217,0.45528,1.018898932,2.79E+14,,,
1218,0.45934,1.018062397,2.82E+14,,,
1219,0.44663,1.017227235,2.74E+14,,,
1220,0.45805,1.016393443,2.82E+14,,,
1221,0.46531,1.015561016,2.86E+14,,,
1222,0.45139,1.014729951,2.78E+14,,,
1223,0.44406,1.013900245,2.74E+14,,,
1224,0.44808,1.013071895,2.76E+14,,,
1225,0.46236,1.012244898,2.85E+14,,,
1226,0.46819,1.01141925,2.89E+14,,,
1227,0.43304,1.010594947,2.68E+14,,,
1228,0.46658,1.009771987,2.89E+14,,,
1229,0.46721,1.008950366,2.89E+14,,,
1230,0.46003,1.008130081,2.85E+14,,,
1231,0.47203,1.007311129,2.93E+14,,,
1232,0.46633,1.006493506,2.90E+14,,,
1233,0.45397,1.00567721,2.82E+14,,,
1234,0.47016,1.004862237,2.92E+14,,,
1235,0.46504,1.004048583,2.89E+14,,,
1236,0.46908,1.003236246,2.92E+14,,,
1237,0.46339,1.002425222,2.89E+14,,,
1238,0.46797,1.001615509,2.92E+14,,,
1239,0.46272,1.000807103,2.89E+14,,,
1240,0.46077,1,2.88E+14,,,
1241,0.46197,0.999194198,2.89E+14,,,
1242,0.46247,0.998389694,2.90E+14,,,
1243,0.45754,0.997586484,2.87E+14,,,
1244,0.45528,0.996784566,2.85E+14,,,
1245,0.45655,0.995983936,2.86E+14,,,
1246,0.45945,0.995184591,2.89E+14,,,
1247,0.45746,0.994386528,2.88E+14,,,
1248,0.4586,0.993589744,2.88E+14,,,
1249,0.45966,0.992794235,2.89E+14,,,
1250,0.45705,0.992,2.88E+14,,,
1251,0.45258,0.991207034,2.85E+14,,,
1252,0.45097,0.990415335,2.85E+14,,,
1253,0.44773,0.9896249,2.83E+14,,,
1254,0.44363,0.988835726,2.80E+14,,,
1255,0.4507,0.988047809,2.85E+14,,,
1256,0.44023,0.987261146,2.79E+14,,,
1257,0.43532,0.986475736,2.76E+14,,,
1258,0.44496,0.985691574,2.82E+14,,,
1259,0.42725,0.984908658,2.71E+14,,,
1260,0.4311,0.984126984,2.74E+14,,,
1261,0.41146,0.98334655,2.62E+14,,,
1262,0.39567,0.982567353,2.52E+14,,,
1263,0.40019,0.98178939,2.55E+14,,,
1264,0.37148,0.981012658,2.37E+14,,,
1265,0.3957,0.980237154,2.52E+14,,,
1266,0.38527,0.979462875,2.46E+14,,,
1267,0.38822,0.978689818,2.48E+14,,,
1268,0.37051,0.977917981,2.37E+14,,,
1269,0.24652,0.97714736,1.58E+14,,,
1270,0.38744,0.976377953,2.48E+14,,,
1271,0.40825,0.975609756,2.62E+14,,,
1272,0.40879,0.974842767,2.62E+14,,,
1273,0.40625,0.974076984,2.61E+14,,,
1274,0.40614,0.973312402,2.61E+14,,,
1275,0.41233,0.97254902,2.65E+14,,,
1276,0.41693,0.971786834,2.68E+14,,,
1277,0.42001,0.971025842,2.70E+14,,,
1278,0.42763,0.970266041,2.75E+14,,,
1279,0.42456,0.969507428,2.74E+14,,,
1280,0.42204,0.96875,2.72E+14,,,
1281,0.41335,0.967993755,2.67E+14,,,
1282,0.37305,0.96723869,2.41E+14,,,
1283,0.40733,0.966484801,2.63E+14,,,
1284,0.42078,0.965732087,2.72E+14,,,
1285,0.42399,0.964980545,2.75E+14,,,
1286,0.42714,0.964230171,2.77E+14,,,
1287,0.42213,0.963480963,2.74E+14,,,
1288,0.41989,0.962732919,2.73E+14,,,
1289,0.40936,0.961986036,2.66E+14,,,
1290,0.41285,0.96124031,2.68E+14,,,
1291,0.41786,0.96049574,2.72E+14,,,
1292,0.39618,0.959752322,2.58E+14,,,
1293,0.41257,0.959010054,2.69E+14,,,
1294,0.40421,0.958268934,2.64E+14,,,
1295,0.40514,0.957528958,2.64E+14,,,
1296,0.38957,0.956790123,2.54E+14,,,
1297,0.3713,0.956052429,2.43E+14,,,
1298,0.39183,0.955315871,2.56E+14,,,
1299,0.40852,0.954580446,2.67E+14,,,
1300,0.35312,0.953846154,2.31E+14,,,
1301,0.36228,0.95311299,2.38E+14,,,
1302,0.39181,0.952380952,2.57E+14,,,
1303,0.34621,0.951650038,2.27E+14,,,
1304,0.30062,0.950920245,1.98E+14,,,
1305,0.38382,0.950191571,2.52E+14,,,
1306,0.38453,0.949464012,2.53E+14,,,
1307,0.30594,0.948737567,2.02E+14,,,
1308,0.34696,0.948012232,2.29E+14,,,
1309,0.38413,0.947288006,2.53E+14,,,
1310,0.30114,0.946564885,1.99E+14,,,
1311,0.33366,0.945842868,2.20E+14,,,
1312,0.33337,0.945121951,2.20E+14,,,
1313,0.31352,0.944402133,2.07E+14,,,
1314,0.28833,0.943683409,1.91E+14,,,
1315,0.28581,0.942965779,1.89E+14,,,
1316,0.32419,0.94224924,2.15E+14,,,
1317,0.31217,0.941533789,2.07E+14,,,
1318,0.33328,0.940819423,2.21E+14,,,
1319,0.26855,0.940106141,1.79E+14,,,
1320,0.25872,0.939393939,1.72E+14,,,
1321,0.29866,0.938682816,1.99E+14,,,
1322,0.30217,0.937972769,2.01E+14,,,
1323,0.23279,0.937263794,1.55E+14,,,
1324,0.26249,0.936555891,1.75E+14,,,
1325,0.32224,0.935849057,2.15E+14,,,
1326,0.28051,0.935143288,1.87E+14,,,
1327,0.26625,0.934438583,1.78E+14,,,
1328,0.2345,0.93373494,1.57E+14,,,
1329,0.17759,0.933032355,1.19E+14,,,
1330,0.22923,0.932330827,1.54E+14,,,
1331,0.1448,0.931630353,9.71E+13,,,
1332,0.14579,0.930930931,9.79E+13,,,
1333,0.20304,0.930232558,1.36E+14,,,
1334,0.16925,0.929535232,1.14E+14,,,
1335,0.23117,0.928838951,1.56E+14,,,
1336,0.18348,0.928143713,1.24E+14,,,
1337,0.16454,0.927449514,1.11E+14,,,
1338,0.17804,0.926756353,1.20E+14,,,
1339,0.17681,0.926064227,1.19E+14,,,
1340,0.16831,0.925373134,1.14E+14,,,
1341,0.17039,0.924683072,1.15E+14,,,
1342,0.17798,0.923994039,1.20E+14,,,
1343,0.12711,0.923306031,8.60E+13,,,
1344,0.075645,0.922619048,5.12E+13,,,
1345,0.10904,0.921933086,7.39E+13,,,
1346,0.058186,0.921248143,3.95E+13,,,
1347,0.060119,0.920564217,4.08E+13,,,
1348,0.0047451,0.919881306,3.22E+12,,,
1349,0.016159,0.919199407,1.10E+13,,,
1350,0.016025,0.918518519,1.09E+13,,,
1351,0.0046298,0.917838638,3.15E+12,,,
1352,0.0015164,0.917159763,1.03E+12,,,
1353,0.000096096,0.916481892,6.55E+10,,,
1354,0.00029009,0.915805022,1.98E+11,,,
1355,3.60E-06,0.915129151,2.46E+09,,,
1356,0.00004807,0.914454277,3.29E+10,,,
1357,0.000071786,0.913780398,4.91E+10,,,
1358,4.19E-06,0.913107511,2.87E+09,,,
1359,7.34E-07,0.912435614,5.03E+08,,,
1360,2.14E-06,0.911764706,1.47E+09,,,
1361,4.81E-09,0.911094783,3.30E+06,,,
1362,1.81E-11,0.910425844,1.24E+04,,,
1363,3.16E-06,0.909757887,2.17E+09,,,
1364,1.36E-06,0.909090909,9.35E+08,,,
1365,9.08E-12,0.908424908,6.25E+03,,,
1366,0.000012791,0.907759883,8.81E+09,,,
1367,4.98E-06,0.90709583,3.43E+09,,,
1368,1.48E-13,0.906432749,1.02E+02,,,
1369,5.17E-07,0.905770636,3.57E+08,,,
1370,0.000000292,0.905109489,2.02E+08,,,
1371,1.97E-08,0.904449307,1.36E+07,,,
1372,2.75E-06,0.903790087,1.90E+09,,,
1373,0.000044401,0.903131828,3.07E+10,,,
1374,0.00017917,0.902474527,1.24E+11,,,
1375,0.00032332,0.901818182,2.24E+11,,,
1376,0.00025748,0.901162791,1.79E+11,,,
1377,0.0001227,0.900508351,8.52E+10,,,
1378,0.0011089,0.899854862,7.70E+11,,,
1379,0.000052164,0.899202321,3.63E+10,,,
1380,0.000081587,0.898550725,5.67E+10,,,
1381,2.37E-06,0.897900072,1.65E+09,,,
1382,2.57E-06,0.897250362,1.79E+09,,,
1383,4.40E-08,0.896601591,3.07E+07,,,
1384,6.17E-07,0.895953757,4.30E+08,,,
1385,2.09E-06,0.895306859,1.46E+09,,,
1386,2.52E-06,0.894660895,1.76E+09,,,
1387,0.00019896,0.894015862,1.39E+11,,,
1388,4.03E-06,0.893371758,2.82E+09,,,
1389,0.00058098,0.892728582,4.07E+11,,,
1390,0.00049328,0.892086331,3.46E+11,,,
1391,0.00034384,0.891445004,2.41E+11,,,
1392,0.000023782,0.890804598,1.67E+10,,,
1393,0.00011586,0.890165111,8.13E+10,,,
1394,0.000075526,0.889526542,5.31E+10,,,
1395,6.71E-07,0.888888889,4.72E+08,,,
1396,6.32E-09,0.888252149,4.45E+06,,,
1397,0.000049057,0.887616321,3.45E+10,,,
1398,0.0012704,0.886981402,8.95E+11,,,
1399,0.00081226,0.886347391,5.73E+11,,,
1400,3.25E-09,0.885714286,2.29E+06,,,
1401,1.05E-08,0.885082084,7.41E+06,,,
1402,0.0018353,0.884450785,1.30E+12,,,
1403,0.00238,0.883820385,1.68E+12,,,
1404,0.00073892,0.883190883,5.23E+11,,,
1405,3.64E-07,0.882562278,2.58E+08,,,
1406,0.0020448,0.881934566,1.45E+12,,,
1407,0.00017457,0.881307747,1.24E+11,,,
1408,0.0016493,0.880681818,1.17E+12,,,
1409,0.00061919,0.880056778,4.40E+11,,,
1410,0.00046653,0.879432624,3.32E+11,,,
1411,0.0021142,0.878809355,1.50E+12,,,
1412,0.0026396,0.878186969,1.88E+12,,,
1413,0.023353,0.877565464,1.66E+13,,,
1414,0.00036378,0.876944837,2.59E+11,,,
1415,0.00018366,0.876325088,1.31E+11,,,
1416,0.035565,0.875706215,2.54E+13,,,
1417,0.011759,0.875088215,8.40E+12,,,
1418,0.013559,0.874471086,9.69E+12,,,
1419,0.0021442,0.873854827,1.53E+12,,,
1420,0.0082718,0.873239437,5.92E+12,,,
1421,0.0091637,0.872624912,6.56E+12,,,
1422,0.046314,0.872011252,3.32E+13,,,
1423,0.0092198,0.871398454,6.61E+12,,,
1424,0.016975,0.870786517,1.22E+13,,,
1425,0.02585,0.870175439,1.86E+13,,,
1426,0.027792,0.869565217,2.00E+13,,,
1427,0.049546,0.868955851,3.56E+13,,,
1428,0.0045588,0.868347339,3.28E+12,,,
1429,0.03802,0.867739678,2.74E+13,,,
1430,0.061601,0.867132867,4.44E+13,,,
1431,0.050156,0.866526904,3.62E+13,,,
1432,0.0025194,0.865921788,1.82E+12,,,
1433,0.035834,0.865317516,2.59E+13,,,
1434,0.020962,0.864714086,1.52E+13,,,
1435,0.021416,0.864111498,1.55E+13,,,
1436,0.038351,0.863509749,2.78E+13,,,
1437,0.02988,0.862908838,2.16E+13,,,
1438,0.013263,0.862308762,9.61E+12,,,
1439,0.051039,0.861709521,3.70E+13,,,
1440,0.039601,0.861111111,2.87E+13,,,
1441,0.0318,0.860513532,2.31E+13,,,
1442,0.036317,0.859916782,2.64E+13,,,
1443,0.045063,0.859320859,3.28E+13,,,
1444,0.061791,0.858725762,4.50E+13,,,
1445,0.049751,0.858131488,3.62E+13,,,
1446,0.023095,0.857538036,1.68E+13,,,
1447,0.036215,0.856945404,2.64E+13,,,
1448,0.11569,0.856353591,8.44E+13,,,
1449,0.10213,0.855762595,7.46E+13,,,
1450,0.027412,0.855172414,2.00E+13,,,
1451,0.011271,0.854583046,8.24E+12,,,
1452,0.062361,0.85399449,4.56E+13,,,
1453,0.081978,0.853406745,6.00E+13,,,
1454,0.13759,0.852819807,1.01E+14,,,
1455,0.06615,0.852233677,4.85E+13,,,
1456,0.088509,0.851648352,6.50E+13,,,
1457,0.117,0.85106383,8.59E+13,,,
1458,0.13643,0.85048011,1.00E+14,,,
1459,0.16307,0.84989719,1.20E+14,,,
1460,0.085421,0.849315068,6.29E+13,,,
1461,0.090276,0.848733744,6.65E+13,,,
1462,0.1306,0.848153215,9.62E+13,,,
1463,0.043225,0.847573479,3.19E+13,,,
1464,0.15184,0.846994536,1.12E+14,,,
1465,0.093383,0.846416382,6.90E+13,,,
1466,0.065197,0.845839018,4.82E+13,,,
1467,0.036054,0.84526244,2.67E+13,,,
1468,0.076942,0.844686649,5.69E+13,,,
1469,0.094845,0.844111641,7.02E+13,,,
1470,0.049678,0.843537415,3.68E+13,,,
1471,0.017848,0.84296397,1.32E+13,,,
1472,0.046771,0.842391304,3.47E+13,,,
1473,0.070198,0.841819416,5.21E+13,,,
1474,0.097339,0.841248304,7.23E+13,,,
1475,0.18463,0.840677966,1.37E+14,,,
1476,0.068778,0.840108401,5.12E+13,,,
1477,0.069736,0.839539607,5.19E+13,,,
1478,0.06348,0.838971583,4.73E+13,,,
1479,0.12001,0.838404327,8.95E+13,,,
1480,0.060637,0.837837838,4.52E+13,,,
1481,0.11529,0.837272113,8.61E+13,,,
1482,0.05849,0.836707152,4.37E+13,,,
1483,0.14859,0.836142953,1.11E+14,,,
1484,0.13747,0.835579515,1.03E+14,,,
1485,0.12503,0.835016835,9.36E+13,,,
1486,0.1234,0.834454913,9.24E+13,,,
1487,0.060629,0.833893746,4.54E+13,,,
1488,0.09418,0.833333333,7.06E+13,,,
1489,0.18973,0.832773674,1.42E+14,,,
1490,0.17478,0.832214765,1.31E+14,,,
1491,0.19778,0.831656606,1.49E+14,,,
1492,0.16441,0.831099196,1.24E+14,,,
1493,0.18157,0.830542532,1.37E+14,,,
1494,0.20367,0.829986613,1.53E+14,,,
1495,0.18253,0.829431438,1.38E+14,,,
1496,0.16852,0.828877005,1.27E+14,,,
1497,0.2285,0.828323313,1.72E+14,,,
1498,0.18968,0.82777036,1.43E+14,,,
1499,0.21759,0.827218145,1.64E+14,,,
1500,0.25061,0.826666667,1.89E+14,,,
1501,0.26552,0.826115923,2.01E+14,,,
1502,0.23356,0.825565912,1.77E+14,,,
1503,0.18493,0.825016633,1.40E+14,,,
1504,0.16029,0.824468085,1.22E+14,,,
1505,0.18402,0.823920266,1.40E+14,,,
1506,0.25773,0.823373174,1.96E+14,,,
1507,0.25514,0.822826808,1.94E+14,,,
1508,0.24302,0.822281167,1.85E+14,,,
1509,0.1869,0.821736249,1.42E+14,,,
1510,0.27052,0.821192053,2.06E+14,,,
1511,0.26474,0.820648577,2.02E+14,,,
1512,0.26068,0.82010582,1.99E+14,,,
1513,0.24239,0.819563781,1.85E+14,,,
1514,0.22571,0.819022457,1.72E+14,,,
1515,0.26573,0.818481848,2.03E+14,,,
1516,0.25683,0.817941953,1.96E+14,,,
1517,0.24929,0.817402769,1.91E+14,,,
1518,0.25211,0.816864295,1.93E+14,,,
1519,0.24437,0.816326531,1.87E+14,,,
1520,0.2645,0.815789474,2.03E+14,,,
1521,0.27505,0.815253123,2.11E+14,,,
1522,0.26378,0.814717477,2.02E+14,,,
1523,0.28004,0.814182534,2.15E+14,,,
1524,0.27539,0.813648294,2.12E+14,,,
1525,0.25884,0.813114754,1.99E+14,,,
1526,0.26745,0.812581913,2.06E+14,,,
1527,0.2622,0.812049771,2.02E+14,,,
1528,0.27928,0.811518325,2.15E+14,,,
1529,0.27244,0.810987574,2.10E+14,,,
1530,0.25522,0.810457516,1.97E+14,,,
1531,0.26973,0.809928152,2.08E+14,,,
1532,0.27839,0.809399478,2.15E+14,,,
1533,0.27714,0.808871494,2.14E+14,,,
1534,0.26892,0.808344198,2.08E+14,,,
1535,0.26686,0.80781759,2.06E+14,,,
1536,0.27464,0.807291667,2.13E+14,,,
1537,0.27336,0.806766428,2.12E+14,,,
1538,0.27202,0.806241873,2.11E+14,,,
1539,0.27295,0.805717999,2.12E+14,,,
1540,0.26491,0.805194805,2.06E+14,,,
1541,0.26904,0.804672291,2.09E+14,,,
1542,0.26927,0.804150454,2.09E+14,,,
1543,0.27208,0.803629294,2.12E+14,,,
1544,0.2721,0.803108808,2.12E+14,,,
1545,0.27705,0.802588997,2.16E+14,,,
1546,0.27481,0.802069858,2.14E+14,,,
1547,0.27309,0.80155139,2.13E+14,,,
1548,0.26675,0.801033592,2.08E+14,,,
1549,0.27342,0.800516462,2.13E+14,,,
1550,0.2699,0.8,2.11E+14,,,
1551,0.27058,0.799484204,2.12E+14,,,
1552,0.27182,0.798969072,2.13E+14,,,
1553,0.27132,0.798454604,2.12E+14,,,
1554,0.26474,0.797940798,2.07E+14,,,
1555,0.26759,0.797427653,2.10E+14,,,
1556,0.2631,0.796915167,2.06E+14,,,
1557,0.27062,0.79640334,2.12E+14,,,
1558,0.26848,0.795892169,2.11E+14,,,
1559,0.26808,0.795381655,2.11E+14,,,
1560,0.26568,0.794871795,2.09E+14,,,
1561,0.27002,0.794362588,2.12E+14,,,
1562,0.26756,0.793854033,2.11E+14,,,
1563,0.26667,0.793346129,2.10E+14,,,
1564,0.26264,0.792838875,2.07E+14,,,
1565,0.26728,0.792332268,2.11E+14,,,
1566,0.26245,0.791826309,2.07E+14,,,
1567,0.26308,0.791320996,2.08E+14,,,
1568,0.25722,0.790816327,2.03E+14,,,
1569,0.25452,0.790312301,2.01E+14,,,
1570,0.24175,0.789808917,1.91E+14,,,
1571,0.23507,0.789306174,1.86E+14,,,
1572,0.23775,0.788804071,1.88E+14,,,
1573,0.23407,0.788302606,1.86E+14,,,
1574,0.24145,0.787801779,1.92E+14,,,
1575,0.23974,0.787301587,1.90E+14,,,
1576,0.24678,0.78680203,1.96E+14,,,
1577,0.21602,0.786303107,1.72E+14,,,
1578,0.23516,0.785804816,1.87E+14,,,
1579,0.23672,0.785307156,1.88E+14,,,
1580,0.24464,0.784810127,1.95E+14,,,
1581,0.2487,0.784313725,1.98E+14,,,
1582,0.24195,0.783817952,1.93E+14,,,
1583,0.24755,0.783322805,1.98E+14,,,
1584,0.24904,0.782828283,1.99E+14,,,
1585,0.25874,0.782334385,2.07E+14,,,
1586,0.25569,0.78184111,2.04E+14,,,
1587,0.25303,0.781348456,2.02E+14,,,
1588,0.25107,0.780856423,2.01E+14,,,
1589,0.23233,0.780365009,1.86E+14,,,
1590,0.24179,0.779874214,1.94E+14,,,
1591,0.24197,0.779384035,1.94E+14,,,
1592,0.25225,0.778894472,2.02E+14,,,
1593,0.25833,0.778405524,2.07E+14,,,
1594,0.25624,0.777917189,2.06E+14,,,
1595,0.25823,0.777429467,2.08E+14,,,
1596,0.24452,0.776942356,1.97E+14,,,
1597,0.24692,0.776455855,1.99E+14,,,
1598,0.25421,0.775969962,2.05E+14,,,
1599,0.24202,0.775484678,1.95E+14,,,
1600,0.2381,0.775,1.92E+14,,,
1601,0.22323,0.774515928,1.80E+14,,,
1602,0.22413,0.774032459,1.81E+14,,,
1603,0.22397,0.773549595,1.81E+14,,,
1604,0.22842,0.773067332,1.85E+14,,,
1605,0.23683,0.77258567,1.92E+14,,,
1606,0.2414,0.772104608,1.95E+14,,,
1607,0.23296,0.771624144,1.89E+14,,,
1608,0.2299,0.771144279,1.86E+14,,,
1609,0.22727,0.770665009,1.84E+14,,,
1610,0.2176,0.770186335,1.77E+14,,,
1611,0.2268,0.769708256,1.84E+14,,,
1612,0.23076,0.769230769,1.87E+14,,,
1613,0.23719,0.768753875,1.93E+14,,,
1614,0.23838,0.768277571,1.94E+14,,,
1615,0.24104,0.767801858,1.96E+14,,,
1616,0.2305,0.767326733,1.88E+14,,,
1617,0.23465,0.766852195,1.91E+14,,,
1618,0.24352,0.766378245,1.99E+14,,,
1619,0.241,0.76590488,1.97E+14,,,
1620,0.23449,0.765432099,1.91E+14,,,
1621,0.2343,0.764959901,1.91E+14,,,
1622,0.23754,0.764488286,1.94E+14,,,
1623,0.24246,0.764017252,1.98E+14,,,
1624,0.24269,0.763546798,1.99E+14,,,
1625,0.23782,0.763076923,1.95E+14,,,
1626,0.23971,0.762607626,1.96E+14,,,
1627,0.24078,0.762138906,1.97E+14,,,
1628,0.24126,0.761670762,1.98E+14,,,
1629,0.24137,0.761203192,1.98E+14,,,
1630,0.23651,0.760736196,1.94E+14,,,
1631,0.23806,0.760269773,1.96E+14,,,
1632,0.23821,0.759803922,1.96E+14,,,
1633,0.23267,0.759338641,1.92E+14,,,
1634,0.23282,0.758873929,1.92E+14,,,
1635,0.23367,0.758409786,1.93E+14,,,
1636,0.23539,0.75794621,1.94E+14,,,
1637,0.227,0.757483201,1.87E+14,,,
1638,0.22007,0.757020757,1.82E+14,,,
1639,0.22026,0.756558877,1.82E+14,,,
1640,0.21511,0.756097561,1.78E+14,,,
1641,0.2196,0.755636807,1.82E+14,,,
1642,0.22082,0.755176614,1.83E+14,,,
1643,0.21535,0.754716981,1.78E+14,,,
1644,0.22355,0.754257908,1.85E+14,,,
1645,0.21822,0.753799392,1.81E+14,,,
1646,0.21749,0.753341434,1.80E+14,,,
1647,0.22768,0.752884032,1.89E+14,,,
1648,0.21655,0.752427184,1.80E+14,,,
1649,0.21867,0.751970891,1.82E+14,,,
1650,0.22526,0.751515152,1.87E+14,,,
1651,0.20855,0.751059964,1.74E+14,,,
1652,0.22373,0.750605327,1.86E+14,,,
1653,0.22277,0.75015124,1.86E+14,,,
1654,0.21583,0.749697703,1.80E+14,,,
1655,0.22231,0.749244713,1.85E+14,,,
1656,0.22101,0.748792271,1.84E+14,,,
1657,0.22223,0.748340374,1.86E+14,,,
1658,0.22487,0.747889023,1.88E+14,,,
1659,0.2212,0.747438216,1.85E+14,,,
1660,0.22332,0.746987952,1.87E+14,,,
1661,0.22384,0.74653823,1.87E+14,,,
1662,0.21908,0.746089049,1.84E+14,,,
1663,0.22235,0.745640409,1.86E+14,,,
1664,0.22098,0.745192308,1.85E+14,,,
1665,0.21178,0.744744745,1.78E+14,,,
1666,0.17884,0.744297719,1.50E+14,,,
1667,0.21068,0.74385123,1.77E+14,,,
1668,0.21459,0.743405276,1.80E+14,,,
1669,0.21516,0.742959856,1.81E+14,,,
1670,0.22168,0.74251497,1.87E+14,,,
1671,0.21879,0.742070616,1.84E+14,,,
1672,0.21147,0.741626794,1.78E+14,,,
1673,0.21629,0.741183503,1.82E+14,,,
1674,0.21575,0.740740741,1.82E+14,,,
1675,0.2136,0.740298507,1.80E+14,,,
1676,0.21145,0.739856802,1.79E+14,,,
1677,0.21229,0.739415623,1.79E+14,,,
1678,0.20915,0.73897497,1.77E+14,,,
1679,0.21303,0.738534842,1.80E+14,,,
1680,0.20558,0.738095238,1.74E+14,,,
1681,0.19447,0.737656157,1.65E+14,,,
1682,0.20366,0.737217598,1.73E+14,,,
1683,0.20906,0.73677956,1.77E+14,,,
1684,0.19797,0.736342043,1.68E+14,,,
1685,0.21321,0.735905045,1.81E+14,,,
1686,0.21026,0.735468565,1.79E+14,,,
1687,0.20484,0.735032602,1.74E+14,,,
1688,0.21013,0.734597156,1.79E+14,,,
1689,0.20718,0.734162226,1.76E+14,,,
1690,0.20523,0.733727811,1.75E+14,,,
1691,0.19303,0.733293909,1.65E+14,,,
1692,0.20708,0.73286052,1.77E+14,,,
1693,0.21134,0.732427643,1.80E+14,,,
1694,0.20477,0.731995277,1.75E+14,,,
1695,0.20968,0.731563422,1.79E+14,,,
1696,0.20922,0.731132075,1.79E+14,,,
1697,0.18107,0.730701237,1.55E+14,,,
1698,0.20739,0.730270907,1.77E+14,,,
1699,0.20551,0.729841083,1.76E+14,,,
1700,0.19975,0.729411765,1.71E+14,,,
1702,0.20396,0.728554642,1.75E+14,,,
1705,0.19778,0.727272727,1.70E+14,,,
1710,0.1879,0.725146199,1.62E+14,,,
1715,0.18965,0.72303207,1.64E+14,,,
1720,0.18698,0.720930233,1.62E+14,,,
1725,0.17808,0.71884058,1.55E+14,,,
1730,0.17407,0.716763006,1.52E+14,,,
1735,0.16154,0.714697406,1.41E+14,,,
1740,0.16818,0.712643678,1.47E+14,,,
1745,0.15481,0.710601719,1.36E+14,,,
1750,0.16566,0.708571429,1.46E+14,,,
1755,0.15301,0.706552707,1.35E+14,,,
1760,0.15998,0.704545455,1.42E+14,,,
1765,0.13284,0.702549575,1.18E+14,,,
1770,0.14172,0.700564972,1.26E+14,,,
1775,0.11484,0.698591549,1.03E+14,,,
1780,0.1005,0.696629213,9.02E+13,,,
1785,0.076981,0.694677871,6.93E+13,,,
1790,0.088904,0.69273743,8.02E+13,,,
1795,0.046931,0.690807799,4.25E+13,,,
1800,0.031828,0.688888889,2.89E+13,,,
1805,0.014815,0.686980609,1.35E+13,,,
1810,0.0096911,0.685082873,8.84E+12,,,
1815,0.0032816,0.683195592,3.00E+12,,,
1820,0.00098755,0.681318681,9.06E+11,,,
1825,0.0012744,0.679452055,1.17E+12,,,
1830,5.20E-06,0.677595628,4.80E+09,,,
1835,0.000006419,0.675749319,5.94E+09,,,
1840,6.27E-08,0.673913043,5.81E+07,,,
1845,6.27E-06,0.672086721,5.83E+09,,,
1850,3.00E-06,0.67027027,2.80E+09,,,
1855,2.84E-07,0.668463612,2.66E+08,,,
1860,0.000011151,0.666666667,1.05E+10,,,
1865,0.000016982,0.664879357,1.60E+10,,,
1870,2.67E-10,0.663101604,2.52E+05,,,
1875,4.51E-10,0.661333333,4.26E+05,,,
1880,0.000077505,0.659574468,7.34E+10,,,
1885,0.00004389,0.657824934,4.17E+10,,,
1890,0.00022333,0.656084656,2.13E+11,,,
1895,0.00012947,0.654353562,1.24E+11,,,
1900,8.62E-07,0.652631579,8.26E+08,,,
1905,5.67E-07,0.650918635,5.44E+08,,,
1910,0.000023045,0.64921466,2.22E+10,,,
1915,0.000019947,0.647519582,1.93E+10,,,
1920,0.00045069,0.645833333,4.36E+11,,,
1925,0.00093615,0.644155844,9.08E+11,,,
1930,0.00055242,0.642487047,5.37E+11,,,
1935,0.0035935,0.640826873,3.50E+12,,,
1940,0.0032821,0.639175258,3.21E+12,,,
1945,0.010863,0.637532134,1.06E+13,,,
1950,0.016727,0.635897436,1.64E+13,,,
1955,0.010036,0.6342711,9.89E+12,,,
1960,0.021906,0.632653061,2.16E+13,,,
1965,0.028563,0.631043257,2.83E+13,,,
1970,0.048847,0.629441624,4.85E+13,,,
1975,0.067857,0.627848101,6.75E+13,,,
1980,0.075512,0.626262626,7.54E+13,,,
1985,0.083063,0.624685139,8.31E+13,,,
1990,0.085613,0.623115578,8.59E+13,,,
1995,0.08119,0.621553885,8.16E+13,,,
2000,0.038156,0.62,3.85E+13,,,
2005,0.015001,0.618453865,1.52E+13,,,
2010,0.039748,0.616915423,4.03E+13,,,
2015,0.026648,0.615384615,2.71E+13,,,
2020,0.044981,0.613861386,4.58E+13,,,
2025,0.07401,0.612345679,7.55E+13,,,
2030,0.084856,0.610837438,8.68E+13,,,
2035,0.096386,0.609336609,9.89E+13,,,
2040,0.089781,0.607843137,9.23E+13,,,
2045,0.091074,0.606356968,9.39E+13,,,
2050,0.067927,0.604878049,7.02E+13,,,
2055,0.054906,0.603406326,5.69E+13,,,
2060,0.069193,0.601941748,7.18E+13,,,
2065,0.061875,0.600484262,6.44E+13,,,
2070,0.065676,0.599033816,6.85E+13,,,
2075,0.077443,0.597590361,8.10E+13,,,
2080,0.086812,0.596153846,9.10E+13,,,
2085,0.085102,0.594724221,8.94E+13,,,
2090,0.0891,0.593301435,9.39E+13,,,
2095,0.089747,0.591885442,9.48E+13,,,
2100,0.086133,0.59047619,9.12E+13,,,
2105,0.093153,0.589073634,9.88E+13,,,
2110,0.089654,0.587677725,9.53E+13,,,
2115,0.091673,0.586288416,9.77E+13,,,
2120,0.087588,0.58490566,9.36E+13,,,
2125,0.088632,0.583529412,9.49E+13,,,
2130,0.089774,0.582159624,9.64E+13,,,
2135,0.090044,0.580796253,9.69E+13,,,
2140,0.090767,0.579439252,9.79E+13,,,
2145,0.089486,0.578088578,9.67E+13,,,
2150,0.084639,0.576744186,9.17E+13,,,
2155,0.08484,0.575406032,9.22E+13,,,
2160,0.08417,0.574074074,9.16E+13,,,
2165,0.07631,0.572748268,8.33E+13,,,
2170,0.081996,0.571428571,8.97E+13,,,
2175,0.080448,0.570114943,8.82E+13,,,
2180,0.081808,0.568807339,8.99E+13,,,
2185,0.07455,0.567505721,8.21E+13,,,
2190,0.079068,0.566210046,8.73E+13,,,
2195,0.078992,0.564920273,8.74E+13,,,
2200,0.071202,0.563636364,7.90E+13,,,
2205,0.07401,0.562358277,8.23E+13,,,
2210,0.079315,0.561085973,8.83E+13,,,
2215,0.076273,0.559819413,8.52E+13,,,
2220,0.07773,0.558558559,8.70E+13,,,
2225,0.075453,0.557303371,8.46E+13,,,
2230,0.075773,0.556053812,8.52E+13,,,
2235,0.074299,0.554809843,8.37E+13,,,
2240,0.073118,0.553571429,8.26E+13,,,
2245,0.070838,0.55233853,8.02E+13,,,
2250,0.071937,0.551111111,8.16E+13,,,
2255,0.06769,0.549889135,7.69E+13,,,
2260,0.066929,0.548672566,7.62E+13,,,
2265,0.068137,0.547461369,7.78E+13,,,
2270,0.064867,0.546255507,7.42E+13,,,
2275,0.064021,0.545054945,7.34E+13,,,
2280,0.066288,0.543859649,7.62E+13,,,
2285,0.06308,0.542669584,7.27E+13,,,
2290,0.06322,0.541484716,7.30E+13,,,
2295,0.061265,0.540305011,7.09E+13,,,
2300,0.058824,0.539130435,6.82E+13,,,
2305,0.059171,0.537960954,6.87E+13,,,
2310,0.06387,0.536796537,7.44E+13,,,
2315,0.058141,0.535637149,6.78E+13,,,
2320,0.052031,0.534482759,6.08E+13,,,
2325,0.056215,0.533333333,6.59E+13,,,
2330,0.056824,0.532188841,6.67E+13,,,
2335,0.057967,0.531049251,6.82E+13,,,
2340,0.045836,0.52991453,5.41E+13,,,
2345,0.0514,0.528784648,6.08E+13,,,
2350,0.041536,0.527659574,4.92E+13,,,
2355,0.047473,0.526539278,5.64E+13,,,
2360,0.050237,0.525423729,5.98E+13,,,
2365,0.049409,0.524312896,5.89E+13,,,
2370,0.030817,0.523206751,3.68E+13,,,
2375,0.044147,0.522105263,5.28E+13,,,
2380,0.042552,0.521008403,5.10E+13,,,
2385,0.030826,0.519916143,3.71E+13,,,
2390,0.037109,0.518828452,4.47E+13,,,
2395,0.040594,0.517745303,4.90E+13,,,
2400,0.04415,0.516666667,5.34E+13,,,
2405,0.033599,0.515592516,4.07E+13,,,
2410,0.033813,0.514522822,4.11E+13,,,
2415,0.0273,0.513457557,3.32E+13,,,
2420,0.02659,0.512396694,3.24E+13,,,
2425,0.033078,0.511340206,4.04E+13,,,
2430,0.045099,0.510288066,5.52E+13,,,
2435,0.014878,0.509240246,1.83E+13,,,
2440,0.043249,0.508196721,5.32E+13,,,
2445,0.020798,0.507157464,2.56E+13,,,
2450,0.013611,0.506122449,1.68E+13,,,
2455,0.024853,0.50509165,3.08E+13,,,
2460,0.033363,0.504065041,4.14E+13,,,
2465,0.024148,0.503042596,3.00E+13,,,
2470,0.016727,0.502024291,2.08E+13,,,
2475,0.016455,0.501010101,2.05E+13,,,
2480,0.0080395,0.5,1.00E+13,,,
2485,0.0056102,0.498993964,7.03E+12,,,
2490,0.0035113,0.497991968,4.41E+12,,,
2495,0.0028772,0.496993988,3.62E+12,,,
2500,0.0070642,0.496,8.90E+12,,,
2505,0.0015191,0.49500998,1.92E+12,,,
2510,0.0022163,0.494023904,2.80E+12,,,
2515,0.0005188,0.49304175,6.58E+11,,,
2520,0.00037054,0.492063492,4.71E+11,,,
2525,0.000041393,0.491089109,5.27E+10,,,
2530,6.36E-07,0.490118577,8.11E+08,,,
2535,1.75E-07,0.489151874,2.24E+08,,,
2540,3.77E-07,0.488188976,4.83E+08,,,
2545,5.38E-11,0.487229862,6.90E+04,,,
2550,2.82E-13,0.48627451,3.62E+02,,,
2555,1.04E-09,0.485322896,1.34E+06,,,
2560,3.10E-11,0.484375,4.00E+04,,,
2565,1.60E-14,0.483430799,2.07E+01,,,
2570,1.53E-18,0.482490272,1.98E-03,,,
2575,1.08E-27,0.481553398,1.40E-12,,,
2580,3.82E-22,0.480620155,4.97E-07,,,
2585,1.72E-34,0.479690522,2.24E-19,,,
2590,5.48E-31,0.478764479,7.15E-16,,,
2595,2.28E-33,0.477842004,2.98E-18,,,
2600,4.49E-28,0.476923077,5.88E-13,,,
2605,5.81E-35,0.476007678,7.63E-20,,,
2610,5.94E-34,0.475095785,7.81E-19,,,
2615,1.12E-37,0.47418738,1.48E-22,,,
2620,5.65E-29,0.473282443,7.46E-14,,,
2625,3.87E-28,0.472380952,5.12E-13,,,
2630,2.80E-45,0.47148289,3.71E-30,,,
2635,3.90E-16,0.470588235,5.18E-01,,,
2640,1.18E-16,0.46969697,1.57E-01,,,
2645,9.00E-19,0.468809074,1.20E-03,,,
2650,1.43E-19,0.467924528,1.91E-04,,,
2655,1.31E-27,0.467043315,1.75E-12,,,
2660,2.61E-25,0.466165414,3.50E-10,,,
2665,1.11E-37,0.465290807,1.49E-22,,,
2670,0,0.464419476,0.00E+00,,,
2675,0,0.463551402,0.00E+00,,,
2680,0,0.462686567,0.00E+00,,,
2685,0,0.461824953,0.00E+00,,,
2690,1.02E-29,0.460966543,1.38E-14,,,
2695,7.13E-33,0.460111317,9.69E-18,,,
2700,0,0.459259259,0.00E+00,,,
2705,2.93E-42,0.458410351,3.99E-27,,,
2710,1.13E-35,0.457564576,1.54E-20,,,
2715,3.86E-26,0.456721915,5.28E-11,,,
2720,5.61E-45,0.455882353,7.69E-30,,,
2725,7.29E-22,0.455045872,1.00E-06,,,
2730,6.07E-19,0.454212454,8.35E-04,,,
2735,5.49E-21,0.453382084,7.57E-06,,,
2740,2.33E-27,0.452554745,3.22E-12,,,
2745,1.31E-23,0.451730419,1.81E-08,,,
2750,1.66E-28,0.450909091,2.30E-13,,,
2755,6.73E-44,0.450090744,9.35E-29,,,
2760,0,0.449275362,0.00E+00,,,
2765,2.68E-27,0.448462929,3.73E-12,,,
2770,8.38E-24,0.44765343,1.17E-08,,,
2775,4.00E-38,0.446846847,5.59E-23,,,
2780,4.81E-34,0.446043165,6.74E-19,,,
2785,3.89E-27,0.44524237,5.46E-12,,,
2790,1.22E-16,0.444444444,1.72E-01,,,
2795,3.62E-16,0.443649374,5.10E-01,,,
2800,1.65E-12,0.442857143,2.33E+03,,,
2805,6.75E-14,0.442067736,9.54E+01,,,
2810,4.02E-10,0.441281139,5.69E+05,,,
2815,2.87E-10,0.440497336,4.07E+05,,,
2820,2.05E-11,0.439716312,2.91E+04,,,
2825,1.76E-07,0.438938053,2.51E+08,,,
2830,3.90E-06,0.438162544,5.56E+09,,,
2835,2.13E-10,0.437389771,3.04E+05,,,
2840,1.96E-07,0.436619718,2.81E+08,,,
2845,0.000040575,0.435852373,5.82E+10,,,
2850,1.16E-06,0.435087719,1.67E+09,,,
2855,4.49E-07,0.434325744,6.46E+08,,,
2860,0.000025356,0.433566434,3.66E+10,,,
2865,0.00016763,0.432809773,2.42E+11,,,
2870,6.31E-06,0.432055749,9.13E+09,,,
2875,0.0003917,0.431304348,5.68E+11,,,
2880,0.00024724,0.430555556,3.59E+11,,,
2885,0.00045332,0.429809359,6.59E+11,,,
2890,0.00018623,0.429065744,2.71E+11,,,
2895,0.0026643,0.428324698,3.89E+12,,,
2900,0.00081152,0.427586207,1.19E+12,,,
2905,0.00011096,0.426850258,1.62E+11,,,
2910,0.002722,0.426116838,3.99E+12,,,
2915,0.0012581,0.425385935,1.85E+12,,,
2920,0.0028948,0.424657534,4.26E+12,,,
2925,0.0010835,0.423931624,1.60E+12,,,
2930,0.0058858,0.423208191,8.69E+12,,,
2935,0.0064903,0.422487223,9.60E+12,,,
2940,0.0016273,0.421768707,2.41E+12,,,
2945,0.0014489,0.421052632,2.15E+12,,,
2950,0.0052276,0.420338983,7.77E+12,,,
2955,0.0023361,0.41962775,3.48E+12,,,
2960,0.0045971,0.418918919,6.86E+12,,,
2965,0.0074379,0.418212479,1.11E+13,,,
2970,0.00035233,0.417508418,5.27E+11,,,
2975,0.00085429,0.416806723,1.28E+12,,,
2980,0.0013381,0.416107383,2.01E+12,,,
2985,0.0069628,0.415410385,1.05E+13,,,
2990,0.01028,0.414715719,1.55E+13,,,
2995,0.0042755,0.414023372,6.45E+12,,,
3000,0.0078472,0.413333333,1.19E+13,,,
3005,0.0028906,0.412645591,4.38E+12,,,
3010,0.0068479,0.411960133,1.04E+13,,,
3015,0.0055551,0.411276949,8.44E+12,,,
3020,0.00063369,0.410596026,9.65E+11,,,
3025,0.0075031,0.409917355,1.14E+13,,,
3030,0.0060753,0.409240924,9.28E+12,,,
3035,0.0024986,0.408566722,3.82E+12,,,
3040,0.0020242,0.407894737,3.10E+12,,,
3045,0.004209,0.407224959,6.46E+12,,,
3050,0.0010321,0.406557377,1.59E+12,,,
3055,0.00028947,0.40589198,4.46E+11,,,
3060,0.0063012,0.405228758,9.72E+12,,,
3065,0.0029113,0.4045677,4.50E+12,,,
3070,0.0017492,0.403908795,2.71E+12,,,
3075,0.0060221,0.403252033,9.33E+12,,,
3080,0.0036224,0.402597403,5.62E+12,,,
3085,0.0017671,0.401944895,2.75E+12,,,
3090,0.0023805,0.401294498,3.71E+12,,,
3095,0.0006551,0.400646204,1.02E+12,,,
3100,0.004401,0.4,6.88E+12,,,
3105,0.00092155,0.399355878,1.44E+12,,,
3110,0.00084569,0.398713826,1.33E+12,,,
3115,0.0022677,0.398073836,3.56E+12,,,
3120,0.0098197,0.397435897,1.54E+13,,,
3125,0.0030289,0.3968,4.77E+12,,,
3130,0.0057614,0.396166134,9.09E+12,,,
3135,0.011446,0.39553429,1.81E+13,,,
3140,0.0033241,0.394904459,5.26E+12,,,
3145,0.0032517,0.39427663,5.15E+12,,,
3150,0.0066744,0.393650794,1.06E+13,,,
3155,0.0056366,0.393026941,8.96E+12,,,
3160,0.009232,0.392405063,1.47E+13,,,
3165,0.014017,0.39178515,2.24E+13,,,
3170,0.012516,0.391167192,2.00E+13,,,
3175,0.0092302,0.390551181,1.48E+13,,,
3180,0.010621,0.389937107,1.70E+13,,,
3185,0.0080823,0.389324961,1.30E+13,,,
3190,0.0042388,0.388714734,6.82E+12,,,
3195,0.0026927,0.388106416,4.34E+12,,,
3200,0.00043843,0.3875,7.07E+11,,,
3205,0.00030973,0.386895476,5.00E+11,,,
3210,0.00013634,0.386292835,2.21E+11,,,
3215,0.00049752,0.385692068,8.06E+11,,,
3220,0.0016089,0.385093168,2.61E+12,,,
3225,0.00019875,0.384496124,3.23E+11,,,
3230,0.0003408,0.383900929,5.55E+11,,,
3235,0.007294,0.383307573,1.19E+13,,,
3240,0.0037464,0.382716049,6.12E+12,,,
3245,0.00073409,0.382126348,1.20E+12,,,
3250,0.0026067,0.381538462,4.27E+12,,,
3255,0.0099378,0.380952381,1.63E+13,,,
3260,0.0012248,0.380368098,2.01E+12,,,
3265,0.0024465,0.379785605,4.03E+12,,,
3270,0.0012186,0.379204893,2.01E+12,,,
3275,0.0059265,0.378625954,9.78E+12,,,
3280,0.0028644,0.37804878,4.74E+12,,,
3285,0.011128,0.377473364,1.84E+13,,,
3290,0.0087571,0.376899696,1.45E+13,,,
3295,0.0012234,0.376327769,2.03E+12,,,
3300,0.0017794,0.375757576,2.96E+12,,,
3305,0.0039416,0.375189107,6.57E+12,,,
3310,0.0039235,0.374622356,6.55E+12,,,
3315,0.000016133,0.374057315,2.70E+10,,,
3320,0.000059987,0.373493976,1.00E+11,,,
3325,0.0035187,0.372932331,5.90E+12,,,
3330,0.0046616,0.372372372,7.82E+12,,,
3335,0.0090694,0.371814093,1.52E+13,,,
3340,0.0034602,0.371257485,5.83E+12,,,
3345,0.0035408,0.370702541,5.97E+12,,,
3350,0.0080277,0.370149254,1.36E+13,,,
3355,0.0036308,0.369597615,6.14E+12,,,
3360,0.0052402,0.369047619,8.87E+12,,,
3365,0.0071907,0.368499257,1.22E+13,,,
3370,0.0039389,0.367952522,6.69E+12,,,
3375,0.008456,0.367407407,1.44E+13,,,
3380,0.0051115,0.366863905,8.71E+12,,,
3385,0.0074896,0.366322009,1.28E+13,,,
3390,0.0098552,0.365781711,1.68E+13,,,
3395,0.0095465,0.365243004,1.63E+13,,,
3400,0.012509,0.364705882,2.14E+13,,,
3405,0.0044594,0.364170338,7.65E+12,,,
3410,0.0070802,0.363636364,1.22E+13,,,
3415,0.0072774,0.363103953,1.25E+13,,,
3420,0.013165,0.362573099,2.27E+13,,,
3425,0.010006,0.362043796,1.73E+13,,,
3430,0.0086892,0.361516035,1.50E+13,,,
3435,0.011553,0.360989811,2.00E+13,,,
3440,0.0080348,0.360465116,1.39E+13,,,
3445,0.011318,0.359941945,1.97E+13,,,
3450,0.011153,0.35942029,1.94E+13,,,
3455,0.0083089,0.358900145,1.45E+13,,,
3460,0.01253,0.358381503,2.19E+13,,,
3465,0.0098179,0.357864358,1.71E+13,,,
3470,0.012264,0.357348703,2.14E+13,,,
3475,0.010943,0.356834532,1.92E+13,,,
3480,0.011224,0.356321839,1.97E+13,,,
3485,0.012094,0.355810617,2.12E+13,,,
3490,0.010419,0.35530086,1.83E+13,,,
3495,0.012265,0.354792561,2.16E+13,,,
3500,0.011917,0.354285714,2.10E+13,,,
3505,0.011809,0.353780314,2.09E+13,,,
3510,0.011963,0.353276353,2.12E+13,,,
3515,0.011494,0.352773826,2.04E+13,,,
3520,0.012122,0.352272727,2.15E+13,,,
3525,0.011428,0.35177305,2.03E+13,,,
3530,0.011127,0.351274788,1.98E+13,,,
3535,0.0094556,0.350777935,1.68E+13,,,
3540,0.009031,0.350282486,1.61E+13,,,
3545,0.0095432,0.349788434,1.71E+13,,,
3550,0.010538,0.349295775,1.89E+13,,,
3555,0.0090581,0.348804501,1.62E+13,,,
3560,0.010795,0.348314607,1.94E+13,,,
3565,0.010851,0.347826087,1.95E+13,,,
3570,0.0083376,0.347338936,1.50E+13,,,
3575,0.0086444,0.346853147,1.56E+13,,,
3580,0.010187,0.346368715,1.84E+13,,,
3585,0.0091671,0.345885635,1.66E+13,,,
3590,0.0094523,0.3454039,1.71E+13,,,
3595,0.00967,0.344923505,1.75E+13,,,
3600,0.010262,0.344444444,1.86E+13,,,
3605,0.010359,0.343966713,1.88E+13,,,
3610,0.0094787,0.343490305,1.72E+13,,,
3615,0.0094726,0.343015214,1.73E+13,,,
3620,0.011614,0.342541436,2.12E+13,,,
3625,0.010239,0.342068966,1.87E+13,,,
3630,0.009955,0.341597796,1.82E+13,,,
3635,0.010299,0.341127923,1.89E+13,,,
3640,0.01148,0.340659341,2.11E+13,,,
3645,0.010599,0.340192044,1.95E+13,,,
3650,0.010123,0.339726027,1.86E+13,,,
3655,0.010978,0.339261286,2.02E+13,,,
3660,0.010914,0.338797814,2.01E+13,,,
3665,0.010253,0.338335607,1.89E+13,,,
3670,0.0079003,0.337874659,1.46E+13,,,
3675,0.0048286,0.337414966,8.94E+12,,,
3680,0.0083312,0.336956522,1.55E+13,,,
3685,0.009438,0.336499322,1.75E+13,,,
3690,0.0096922,0.33604336,1.80E+13,,,
3695,0.010132,0.335588633,1.89E+13,,,
3700,0.010878,0.335135135,2.03E+13,,,
3705,0.01077,0.334682861,2.01E+13,,,
3710,0.009364,0.334231806,1.75E+13,,,
3715,0.0092254,0.333781965,1.73E+13,,,
3720,0.010376,0.333333333,1.95E+13,,,
3725,0.010698,0.332885906,2.01E+13,,,
3730,0.0092707,0.332439678,1.74E+13,,,
3735,0.0085837,0.331994645,1.62E+13,,,
3740,0.0088494,0.331550802,1.67E+13,,,
3745,0.010331,0.331108144,1.95E+13,,,
3750,0.0092903,0.330666667,1.76E+13,,,
3755,0.0089918,0.330226365,1.70E+13,,,
3760,0.0088633,0.329787234,1.68E+13,,,
3765,0.0085502,0.32934927,1.62E+13,,,
3770,0.0091243,0.328912467,1.73E+13,,,
3775,0.0090521,0.328476821,1.72E+13,,,
3780,0.0095746,0.328042328,1.82E+13,,,
3785,0.0088123,0.327608983,1.68E+13,,,
3790,0.0077564,0.327176781,1.48E+13,,,
3795,0.0088692,0.326745718,1.70E+13,,,
3800,0.0098592,0.326315789,1.89E+13,,,
3805,0.0093049,0.325886991,1.78E+13,,,
3810,0.0082451,0.325459318,1.58E+13,,,
3815,0.0077569,0.325032765,1.49E+13,,,
3820,0.009655,0.32460733,1.86E+13,,,
3825,0.0095056,0.324183007,1.83E+13,,,
3830,0.0095925,0.323759791,1.85E+13,,,
3835,0.0076916,0.323337679,1.49E+13,,,
3840,0.0089756,0.322916667,1.74E+13,,,
3845,0.0087801,0.322496749,1.70E+13,,,
3850,0.0088274,0.322077922,1.71E+13,,,
3855,0.0085085,0.321660182,1.65E+13,,,
3860,0.007994,0.321243523,1.56E+13,,,
3865,0.0080989,0.320827943,1.58E+13,,,
3870,0.0073604,0.320413437,1.44E+13,,,
3875,0.006762,0.32,1.32E+13,,,
3880,0.006534,0.319587629,1.28E+13,,,
3885,0.0067717,0.319176319,1.33E+13,,,
3890,0.0068818,0.318766067,1.35E+13,,,
3895,0.007476,0.318356868,1.47E+13,,,
3900,0.0079254,0.317948718,1.56E+13,,,
3905,0.0079269,0.317541613,1.56E+13,,,
3910,0.0071353,0.31713555,1.41E+13,,,
3915,0.0069868,0.316730524,1.38E+13,,,
3920,0.0069466,0.316326531,1.37E+13,,,
3925,0.006852,0.315923567,1.36E+13,,,
3930,0.0070502,0.315521628,1.40E+13,,,
3935,0.0073541,0.315120712,1.46E+13,,,
3940,0.0074027,0.314720812,1.47E+13,,,
3945,0.0075412,0.314321926,1.50E+13,,,
3950,0.0076277,0.313924051,1.52E+13,,,
3955,0.0077199,0.313527181,1.54E+13,,,
3960,0.0077482,0.313131313,1.55E+13,,,
3965,0.0078057,0.312736444,1.56E+13,,,
3970,0.0076806,0.312342569,1.54E+13,,,
3975,0.0075097,0.311949686,1.50E+13,,,
3980,0.0073872,0.311557789,1.48E+13,,,
3985,0.0074327,0.311166876,1.49E+13,,,
3990,0.0073723,0.310776942,1.48E+13,,,
3995,0.00721,0.310387985,1.45E+13,,,
4000,0.0071043,0.31,1.43E+13,,,
